#{"t_start": 1627866007.343853, "env_id": "SlimeVolley-v0"}
r,l,t
-4,1024,1.999959
-5,432,2.413593
-5,530,2.904158
-5,383,3.326083
-5,572,3.879091
-5,396,4.284592
-5,583,4.856698
-5,665,5.527014
-5,400,5.911967
-5,584,6.49759
-5,473,6.965701
-5,476,7.433203
-5,525,7.954908
-5,593,8.568998
-5,421,8.965585
-5,523,9.50586
-5,424,9.931518
-5,402,10.321346
-5,536,10.856534
-5,585,11.445309
-5,1003,12.463755
-5,526,13.004567
-5,576,13.595293
-5,470,14.064248
-5,582,14.680801
-5,561,15.233689
-4,738,15.968185
-5,631,16.606244
-5,582,17.230886
-4,630,17.891628
-5,586,18.496797
-5,602,19.079045
-5,652,19.72688
-5,434,20.162668
-5,605,20.756881
-5,556,21.28002
-5,691,21.978936
-5,625,22.597835
-5,656,23.251888
-5,674,23.927271
-5,381,24.321376
-5,792,25.100536
-5,494,25.564129
-5,487,26.052435
-3,741,26.769446
-5,587,27.349072
-5,532,27.904087
-5,675,28.560635
-5,407,28.976231
-5,589,29.53775
-5,529,30.062021
-5,595,30.67018
-3,885,31.521345
-5,391,31.899048
-5,611,32.490768
-5,555,33.035517
-5,401,33.422767
-5,537,33.948122
-5,727,34.677686
-4,908,35.600476
-5,549,36.167217
-5,531,36.691836
-5,566,37.265704
-5,713,37.999975
-5,665,38.675707
-5,599,39.296123
-5,727,40.029139
-5,913,40.963395
-5,505,41.46904
-5,964,42.435951
-5,736,43.158766
-5,472,43.634896
-5,458,44.09709
-5,657,44.755219
-4,788,45.536111
-5,561,46.101422
-5,643,46.712861
-5,680,47.373395
-5,504,47.855942
-4,641,48.486204
-5,636,49.130089
-5,461,49.612173
-5,543,50.151365
-4,766,50.880738
-5,441,51.310834
-4,982,52.269074
-5,524,52.794698
-5,855,53.621355
-5,409,54.029711
-5,664,54.691852
-5,948,55.632704
-5,548,56.189129
-5,600,56.800406
-5,615,57.448107
-5,728,58.19015
-5,432,58.601326
-5,537,59.125276
-4,778,59.938871
-5,663,60.593915
-5,745,61.325881
-5,553,61.908012
-5,533,62.454585
-5,498,62.933248
-5,733,63.640425
-5,664,64.297082
-5,572,64.886291
-5,600,65.496114
-5,522,66.030849
-5,583,66.614917
-5,558,67.163497
-5,504,67.668455
-5,866,68.522014
-5,515,69.039602
-5,581,69.603821
-5,635,70.217057
-5,561,70.763995
-5,720,71.487921
-5,466,71.945881
-5,806,72.734238
-5,597,73.331235
-5,471,73.806793
-5,811,74.612325
-5,566,75.190026
-5,612,75.849167
-5,576,76.436934
-5,845,77.300588
-4,1023,78.322367
-5,551,78.863647
-5,414,79.29468
-4,631,79.891775
-5,569,80.474164
-4,578,81.055276
-5,614,81.655089
-5,528,82.188601
-5,681,82.850017
-4,805,83.641701
-4,851,84.481881
-5,789,85.275295
-4,886,86.139955
-5,504,86.637225
-5,876,87.521512
-5,687,88.212929
-5,876,89.098506
-5,701,89.820235
-5,834,90.658109
-5,557,91.206495
-5,743,91.954626
-5,528,92.479731
-5,507,92.985077
-5,873,93.869188
-5,400,94.278069
-5,703,94.992326
-5,534,95.553664
-5,515,96.03821
-3,903,96.934753
-5,690,97.60472
-5,596,98.188353
-4,580,98.759741
-5,562,99.3089
-5,427,99.736642
-5,580,100.304623
-5,430,100.741086
-5,496,101.225941
-5,584,101.826081
-5,458,102.284494
-5,507,102.786138
-5,407,103.189961
-5,461,103.678769
-5,600,104.254028
-5,433,104.692948
-5,727,105.417125
-5,458,105.899551
-5,585,106.491606
-5,449,106.979289
-5,643,107.588587
-5,603,108.201291
-5,581,108.746895
-5,482,109.223018
-5,540,109.769981
-5,597,110.370107
-5,485,110.856914
-5,623,111.447855
-5,626,112.069044
-5,522,112.593543
-5,678,113.274387
-5,434,113.7001
-5,850,114.521839
-5,759,115.295167
-5,605,115.919316
-5,616,116.557361
-5,754,117.346987
-5,580,117.92713
-5,703,118.637553
-5,588,119.223582
-5,619,119.841633
-5,642,120.533705
-5,575,121.10158
-5,471,121.560411
-5,505,122.11544
-5,588,122.727001
-5,559,123.322759
-5,648,123.977873
-4,575,124.573533
-5,507,125.080689
-4,806,125.887581
-5,617,126.484605
-3,690,127.144478
-5,893,128.023364
-5,757,128.749999
-5,541,129.27
-4,744,130.043473
-5,516,130.552994
-4,809,131.35887
-5,720,132.086067
-5,1011,133.085091
-5,600,133.678875
-5,701,134.353212
-5,546,134.96427
-5,626,135.569128
-5,476,136.033167
-5,428,136.461209
-3,645,137.095765
-5,733,137.84492
-5,575,138.434805
-5,751,139.185207
-5,915,140.061507
-5,719,140.78479
-5,501,141.2664
-5,612,141.898527
-5,524,142.446073
-4,585,143.072546
-5,745,143.853143
-5,476,144.327826
-5,756,145.084506
-5,497,145.581217
-5,719,146.333853
-5,376,146.712543
-5,914,147.624403
-5,487,148.104637
-5,654,148.753299
-5,677,149.439106
-5,783,150.215122
-4,815,151.009809
-5,671,151.676625
-4,606,152.249535
-5,503,152.747419
-5,532,153.28417
-3,730,153.986811
-5,494,154.454352
-4,699,155.137192
-5,631,155.765067
-5,499,156.237701
-5,684,156.897157
-5,510,157.390669
-5,528,157.910572
-5,684,158.582095
-5,644,159.251452
-5,684,159.916986
-5,656,160.545713
-5,648,161.175228
-5,598,161.764291
-5,715,162.469395
-5,542,163.005647
-5,748,163.764882
-5,493,164.248353
-5,614,164.868061
-5,560,165.424412
-5,584,166.019748
-4,518,166.558016
-5,574,167.135568
-3,759,167.897126
-5,758,168.666139
-5,514,169.181683
-5,664,169.854037
-5,788,170.653538
-5,527,171.201828
-5,555,171.744462
-5,669,172.438747
-5,749,173.189258
-5,455,173.629968
-5,746,174.40528
-5,396,174.791142
-5,701,175.479171
-5,651,176.140812
-5,645,176.782033
-4,597,177.392053
-5,511,177.902663
-5,663,178.569787
-5,535,179.106577
-5,583,179.698224
-5,605,180.306181
-5,527,180.843372
-5,455,181.298173
-5,476,181.771786
-4,846,182.654804
-5,492,183.141696
-5,547,183.706964
-5,628,184.363995
-5,484,184.823046
-4,540,185.366861
-5,500,185.870577
-4,778,186.639044
-5,743,187.374448
-5,685,188.05188
-5,535,188.58416
-5,385,188.95567
-5,651,189.586158
-5,646,190.22739
-5,592,190.82713
-5,482,191.324449
-5,557,191.882569
-5,710,192.598047
-5,467,193.080345
-4,760,193.843717
-4,658,194.50186
-5,607,195.100467
-5,491,195.599705
-5,452,196.08779
-5,601,196.681111
-5,451,197.122183
-5,514,197.609971
-5,394,198.007891
-5,724,198.73979
-5,500,199.269635
-5,481,199.773693
-5,492,200.283023
-4,793,201.064924
-5,773,201.857201
-5,721,202.56349
-5,633,203.159216
-5,658,203.802039
-5,394,204.199831
-5,500,204.754925
-5,765,205.524014
-5,687,206.176142
-5,573,206.719533
-5,701,207.407743
-5,757,208.200846
-5,597,208.798306
-5,439,209.224969
-5,565,209.78654
-5,711,210.501234
-5,525,211.012534
-4,820,211.840493
-5,487,212.32137
-5,388,212.699174
-5,444,213.136533
-5,881,213.992027
-5,389,214.374385
-5,1105,215.488495
-5,620,216.088229
-5,641,216.742357
-5,568,217.333472
-5,562,217.88175
-5,542,218.414587
-5,775,219.172433
-5,444,219.626643
-5,550,220.153387
-5,414,220.540714
-5,509,221.055315
-5,725,221.763772
-5,658,222.428344
-5,469,222.896354
-5,854,223.763068
-5,661,224.433537
-4,756,225.204339
-5,529,225.718742
-3,805,226.531206
-5,509,227.036405
-5,639,227.660459
-5,477,228.138774
-5,588,228.717582
-5,497,229.213321
-5,506,229.702645
-5,555,230.235069
-5,779,230.973143
-5,518,231.469089
-5,576,232.066341
-5,719,232.761783
-5,498,233.259052
-5,480,233.709002
-5,956,234.674485
-5,556,235.237677
-5,766,235.993647
-5,650,236.652306
-5,638,237.296115
-5,440,237.754222
-5,518,238.276577
-5,472,238.73282
-5,763,239.47558
-5,498,239.974866
-5,539,240.508754
-5,631,241.12862
-5,622,241.753609
-5,522,242.267519
-5,655,242.907819
-4,680,243.571419
-5,592,244.154488
-4,486,244.627354
-5,671,245.290092
-5,714,246.013301
-5,814,246.816763
-4,819,247.633798
-4,840,248.455274
-5,645,249.090541
-5,521,249.611805
-5,420,250.016703
-5,568,260.371307
-4,583,270.084984
-5,653,280.968259
-5,603,291.019058
-5,726,303.119072
-5,585,312.869014
-5,629,323.352305
-5,389,329.839064
-5,688,341.306985
-5,573,350.853853
-5,685,351.587831
-5,625,352.245627
-5,546,352.858815
-5,548,353.372592
-5,527,353.890715
-4,1107,354.894734
-4,730,355.604181
-5,484,356.08012
-4,715,356.742705
-5,384,357.100358
-5,469,357.540398
-5,674,358.217378
-5,589,358.802599
-5,678,359.461794
-5,577,359.974234
-5,721,360.678455
-4,999,361.660345
-5,607,362.24434
-4,864,363.056923
-5,481,363.522436
-5,706,364.246965
-4,714,364.906549
-4,518,365.370722
-5,586,365.924597
-5,490,366.409194
-5,633,367.073481
-5,458,367.530919
-5,425,367.976329
-5,464,368.433889
-4,618,369.045479
-4,605,369.632389
-5,536,370.1514
-5,541,370.685247
-5,446,371.138942
-5,405,371.536525
-5,870,372.430457
-4,877,373.286979
-5,882,374.150506
-5,437,374.587711
-5,601,375.195066
-5,565,375.786839
-5,759,376.578059
-5,591,377.157304
-5,606,377.761663
-5,632,378.387625
-5,646,379.044866
-5,711,379.718037
-5,412,380.10005
-5,599,380.67872
-4,810,381.49677
-5,480,381.947864
-5,633,382.591333
-5,558,383.138066
-5,830,383.975618
-5,704,384.696515
-5,596,385.278149
-5,445,385.70662
-4,714,386.448248
-5,441,386.893172
-5,580,387.512903
-5,518,388.028658
-5,649,388.684235
-5,638,389.316704
-5,865,390.196888
-4,670,390.857079
-5,564,391.427778
-4,651,392.043562
-4,656,392.703144
-5,644,393.32959
-4,898,394.240032
-5,554,394.791528
-5,638,395.445571
-5,487,395.929533
-5,540,396.486989
-5,521,397.026105
-5,493,397.546479
-3,879,398.44822
-5,510,398.942454
-5,455,399.392839
-4,556,399.933742
-5,411,400.331606
-5,484,400.804488
-4,717,401.522498
-5,621,402.138722
-5,558,402.703887
-5,527,403.234337
-5,743,403.981603
-5,555,404.536892
-5,732,405.288537
-5,635,405.942237
-5,483,406.440707
-5,701,407.13442
-5,660,407.784262
-4,716,408.508688
-5,749,409.225662
-5,502,409.74751
-5,496,410.257048
-5,473,410.719488
-5,559,411.301351
-5,630,411.955757
-4,733,412.716701
-5,638,413.363562
-5,652,414.035648
-5,703,414.710198
-5,474,415.164587
-5,474,415.632895
-5,489,416.126998
-5,761,416.911565
-5,542,417.451216
-3,777,418.218017
-5,474,418.715784
-5,587,419.296373
-5,633,419.915417
-4,640,420.55654
-5,494,421.068109
-5,848,421.921062
-4,662,422.566343
-5,858,423.410594
-5,450,423.862859
-5,860,424.724406
-5,629,425.348068
-4,849,426.231289
-4,735,426.959178
-5,547,427.486675
-5,607,428.074004
-4,706,428.7566
-5,444,429.199577
-5,482,429.699388
-4,577,430.329628
-5,512,430.868843
-5,390,431.291472
-5,593,431.889355
-5,509,432.4014
-5,481,432.915241
-5,796,433.759907
-5,509,434.267088
-5,660,434.919027
-5,746,435.640885
-3,724,436.367412
-5,589,436.964567
-5,652,437.619441
-4,573,438.205085
-5,609,438.804221
-5,673,439.459839
-5,484,439.954972
-5,748,440.70682
-5,495,441.215492
-5,605,441.825711
-5,600,442.431283
-4,821,443.273852
-4,843,444.105187
-5,490,444.593962
-5,722,445.284616
-5,474,445.774583
-5,754,446.555277
-4,709,447.271622
-5,574,447.84149
-5,509,448.336815
-4,511,448.835063
-5,480,449.314081
-5,519,449.861468
-5,468,450.327944
-4,653,450.98837
-5,650,451.600978
-5,467,452.055719
-5,644,452.703513
-5,494,453.178629
-5,524,453.695483
-5,563,454.242186
-5,477,454.705443
-5,632,455.356639
-4,786,456.126959
-5,686,456.781536
-5,558,457.347902
-5,720,458.085383
-4,674,458.776271
-5,572,459.390645
-5,505,459.89076
-5,590,460.509497
-5,565,461.151117
-5,873,462.067396
-4,783,462.874092
-5,597,463.483419
-5,831,464.279646
-5,498,464.839993
-5,574,465.408262
-5,429,465.861497
-5,541,466.436403
-5,689,467.184733
-5,632,467.837621
-5,631,468.636789
-5,598,469.496183
-5,780,470.50815
-5,855,471.683915
-5,550,472.257395
-5,548,472.829793
-5,694,473.52966
-4,612,474.157799
-5,750,474.916881
-5,509,475.515896
-5,567,476.09899
-5,574,476.720245
-5,656,477.473266
-5,799,478.44089
-5,482,478.995986
-5,529,479.586463
-5,462,480.089658
-4,621,480.781595
-5,649,481.586812
-5,609,482.565687
-4,686,483.63548
-5,515,484.446906
-4,955,485.631173
-5,812,486.577605
-5,632,487.398085
-5,638,488.195265
-5,446,488.749347
-4,784,489.594806
-4,608,490.282167
-5,475,490.834804
-5,832,491.86435
-5,679,492.611749
-5,465,493.135966
-5,461,493.637667
-5,489,494.192423
-4,882,495.193645
-5,747,496.112822
-5,472,496.664357
-5,672,497.451557
-5,690,498.231608
-5,494,498.758356
-5,767,499.615411
-4,671,500.359841
-5,678,501.121106
-5,1062,502.34995
-5,846,503.281897
-5,541,503.899532
-5,728,504.686081
-5,766,505.569438
-5,402,506.061591
-5,466,506.63403
-5,588,507.276991
-5,641,508.016885
-5,427,508.524404
-5,680,509.282853
-5,493,509.846241
-5,544,510.474971
-5,543,511.167757
-5,775,512.136752
-5,533,512.736558
-5,596,513.420754
-5,698,514.19763
-5,456,514.773643
-5,791,515.704732
-5,474,516.222602
-5,481,516.740718
-5,422,517.177123
-5,928,518.19744
-4,686,519.010562
-5,561,519.65461
-5,563,520.312124
-5,393,520.760708
-5,405,521.21442
-5,648,521.941141
-5,658,522.724236
-5,455,523.322677
-5,540,523.94039
-5,628,524.666126
-5,510,525.258463
-5,740,526.127126
-5,506,526.669354
-5,595,527.327861
-5,706,528.037534
-5,485,528.6367
-5,440,529.146677
-4,555,529.74677
-5,816,530.640652
-5,484,531.215561
-3,1083,532.513613
-4,652,533.239539
-5,469,533.831853
-5,547,534.455796
-5,585,535.16575
-5,600,535.925298
-5,540,536.520706
-4,763,537.384744
-5,570,538.043822
-5,540,538.644577
-5,670,539.425747
-5,424,539.930213
-5,587,540.580378
-4,564,541.323505
-5,550,541.957668
-5,503,542.541157
-3,812,543.48342
-5,542,544.174263
-5,536,544.809835
-5,614,545.50124
-5,743,546.343461
-5,548,546.941676
-5,483,547.513352
-4,694,548.283252
-5,551,548.896155
-5,719,549.804522
-5,386,550.327834
-5,664,551.162146
-5,534,551.79775
-5,539,552.441182
-5,509,553.053255
-5,600,553.728631
-5,515,554.368304
-5,734,555.158067
-5,787,556.170436
-5,564,556.809116
-5,851,557.805329
-5,633,558.567955
-5,640,559.326755
-5,452,559.866103
-5,505,560.509132
-5,643,561.330248
-5,691,562.128986
-5,916,563.259984
-5,545,563.921935
-5,560,564.603225
-5,453,565.108162
-5,563,565.769401
-5,608,566.513187
-5,592,567.234306
-5,542,567.84691
-4,802,568.791883
-5,469,569.331921
-5,868,570.381715
-5,434,570.975294
-4,772,571.888066
-5,615,572.557851
-5,541,573.175221
-4,857,574.157148
-5,494,574.736205
-5,574,575.463457
-5,633,576.278272
-5,573,576.962838
-5,737,577.898961
-5,490,578.531389
-5,565,579.149593
-5,497,579.71523
-5,412,580.319525
-5,637,581.080526
-5,557,581.729436
-5,653,582.496464
-4,647,583.24442
-5,608,583.921742
-5,686,584.761674
-5,839,585.787308
-5,558,586.495842
-5,825,587.491375
-5,860,588.521653
-5,658,589.348145
-4,596,590.079989
-5,424,590.59067
-5,692,591.473753
-5,553,592.147045
-4,601,592.828295
-5,1051,594.021855
-5,463,594.573076
-5,831,595.712184
-4,682,596.608629
-5,495,597.203033
-5,545,597.829607
-5,626,598.565928
-5,398,599.015473
-5,743,599.921149
-5,547,600.645963
-4,613,601.579853
-4,833,602.515957
-5,860,603.73875
-5,530,604.434455
-5,509,605.096658
-5,672,606.008532
-5,497,606.552617
-5,793,607.517631
-5,543,608.192043
-5,567,608.918584
-5,499,609.580453
-5,960,610.817511
-5,577,611.539138
-4,697,612.337593
-5,660,613.06057
-5,616,613.834073
-5,561,614.473666
-5,536,615.055907
-5,537,615.696592
-4,650,616.439895
-5,925,617.538188
-5,589,618.225902
-5,936,619.392458
-5,631,620.219853
-5,468,620.7725
-4,708,621.624846
-4,820,622.53277
-5,632,623.247627
-5,447,623.813052
-5,504,624.3871
-5,508,624.967443
-5,495,625.557996
-5,482,634.140856
-5,710,645.975319
-5,590,655.810092
-5,638,666.442636
-5,453,673.993979
-4,812,687.525091
-5,479,695.50713
-5,692,707.042415
-5,630,717.544948
-5,663,728.592655
-5,674,729.313623
-5,603,729.951008
-4,997,731.030121
-5,810,731.881269
-5,523,732.392202
-5,567,732.938114
-5,448,733.347401
-5,671,733.998034
-4,670,734.747543
-5,508,735.2704
-4,842,736.093959
-5,483,736.579813
-5,658,737.234364
-5,599,737.815838
-5,588,738.467249
-5,520,739.012728
-5,678,739.716567
-5,500,740.190297
-5,656,740.909904
-5,532,741.442732
-5,845,742.335991
-5,611,743.038193
-5,556,743.632603
-5,412,744.085711
-5,514,744.644602
-5,542,745.259604
-5,566,745.893304
-5,369,746.339136
-5,523,746.962845
-4,967,748.098117
-5,487,748.670359
-5,544,749.290446
-5,749,750.147549
-5,503,750.747466
-5,584,751.460002
-5,869,752.482562
-5,588,753.116306
-5,663,753.857508
-5,604,754.530185
-5,554,755.145072
-3,681,755.924303
-5,513,756.539761
-5,534,757.098904
-5,457,757.552624
-5,450,758.022478
-5,723,758.795386
-3,774,759.689234
-5,783,760.633291
-5,553,761.305367
-4,764,762.204952
-5,483,762.746829
-5,509,763.371355
-5,455,763.954555
-5,503,764.499922
-5,667,765.25236
-5,428,765.78237
-5,776,766.68085
-5,502,767.241555
-5,902,768.282408
-5,431,768.803186
-5,598,769.57767
-5,698,770.506824
-5,496,771.129402
-5,561,771.819469
-5,426,772.33695
-5,468,772.859215
-4,529,773.4653
-5,681,774.368356
-5,579,775.001518
-5,486,775.595199
-5,637,776.299668
-5,551,776.947288
-5,487,777.556774
-5,507,778.219862
-5,640,778.969198
-5,575,779.673117
-5,569,780.40677
-5,499,781.02162
-5,655,781.754254
-4,479,782.365279
-5,564,783.024581
-5,563,783.743552
-5,611,784.461286
-5,434,784.966737
-5,737,785.905075
-4,583,786.549891
-5,544,787.184922
-5,478,787.763793
-5,731,788.638019
-5,863,789.632932
-5,440,790.199989
-5,592,790.868354
-5,530,791.484491
-5,485,792.06046
-4,580,792.781105
-5,814,793.827073
-5,737,794.689657
-5,516,795.2781
-5,645,796.084673
-5,623,796.760741
-5,627,797.512555
-5,511,798.123044
-5,897,799.115318
-5,680,799.92858
-5,622,800.658149
-5,572,801.400194
-5,524,802.013786
-5,718,802.917506
-5,520,803.545415
-4,602,804.375777
-5,566,805.04725
-5,676,805.884463
-5,545,806.625688
-4,1076,807.903665
-5,612,808.620787
-5,785,809.62921
-5,786,810.62369
-5,704,811.425554
-5,607,812.141212
-5,464,812.694419
-3,830,813.642259
-5,554,814.287016
-5,615,815.054026
-5,490,815.585373
-5,699,816.425923
-5,592,817.085779
-5,637,817.832515
-5,666,818.599761
-5,771,819.575356
-5,455,820.055617
-5,569,820.717268
-5,757,821.568965
-5,566,822.212634
-5,633,822.948234
-5,613,823.655449
-5,445,824.182584
-5,685,824.971643
-5,535,825.652794
-5,491,826.238157
-5,791,827.339226
-5,627,828.103317
-5,597,828.806253
-5,647,829.555559
-5,606,830.285056
-5,736,831.174225
-5,717,832.065405
-5,492,832.687321
-3,783,833.660039
-5,434,834.209371
-5,854,835.258629
-5,787,836.243729
-5,549,836.977763
-5,828,837.854496
-5,499,838.369989
-5,590,838.987501
-5,445,839.533963
-4,811,840.532032
-5,811,841.432853
-5,604,842.205483
-4,616,842.962543
-5,573,843.640961
-4,895,844.750698
-5,540,845.347248
-5,532,845.934386
-4,546,846.614028
-5,584,847.273795
-5,665,848.101101
-5,674,848.866814
-5,483,849.438961
-5,476,849.99129
-5,411,850.493292
-5,533,851.025285
-5,494,851.549689
-5,606,852.220046
-4,796,853.131253
-5,481,853.656428
-5,885,854.6559
-5,683,855.48799
-5,545,856.084464
-4,528,856.669765
-5,584,857.345928
-5,545,857.875686
-5,691,858.594253
-5,680,859.285193
-5,751,860.100918
-5,592,860.711007
-4,644,861.40893
-5,559,861.978938
-5,670,862.704582
-5,412,863.145146
-5,727,863.94089
-5,770,864.761319
-5,381,865.240841
-5,977,866.375695
-5,466,866.859647
-5,553,867.444785
-5,882,868.362269
-4,629,869.021688
-5,494,869.530274
-4,815,870.444891
-5,477,870.961337
-5,491,871.46034
-5,486,871.966166
-4,623,872.679651
-5,680,873.431351
-5,497,873.986499
-5,591,874.657994
-4,743,875.45488
-4,641,876.241834
-5,626,876.930491
-5,620,877.586131
-5,523,878.159523
-5,545,878.825107
-5,723,879.584894
-5,853,880.628053
-5,786,881.457295
-5,808,882.30078
-5,431,882.816527
-5,609,883.560797
-5,513,884.112454
-5,543,884.721104
-5,483,885.278928
-5,438,885.863117
-5,501,886.521255
-5,713,887.351834
-5,570,888.036557
-5,461,888.612171
-5,627,889.280977
-5,514,889.950327
-5,762,890.834977
-5,601,891.492241
-4,750,892.281811
-5,448,892.756663
-5,522,893.294268
-4,674,894.019802
-5,475,894.519012
-4,771,895.323309
-5,551,895.974449
-5,718,896.696608
-5,622,897.388151
-5,545,897.949289
-4,672,898.657097
-5,504,899.176243
-4,556,899.769541
-5,522,900.321977
-5,541,900.90983
-5,727,901.696702
-5,564,902.272716
-5,714,903.02309
-5,758,903.839523
-5,512,904.384423
-5,643,905.060958
-5,458,905.569041
-5,466,906.053938
-5,681,906.77724
-5,589,907.405933
-5,562,907.984385
-5,605,908.649349
-5,479,909.162954
-4,1028,910.317281
-5,474,910.805296
-5,434,911.30633
-5,615,911.935544
-4,616,912.585843
-5,441,913.028388
-5,517,913.714966
-5,468,914.320225
-5,417,914.806223
-5,499,915.450075
-5,506,916.137726
-5,656,917.059263
-5,531,917.714285
-5,572,918.488723
-4,652,919.362219
-5,539,920.101509
-4,785,921.105129
-5,550,921.975994
-5,594,922.894769
-5,392,923.493835
-5,544,924.269468
-5,650,925.084462
-5,777,926.167929
-4,609,926.839032
-4,989,928.043362
-4,574,928.865952
-5,603,929.752315
-5,513,930.551983
-5,436,931.143901
-5,775,932.278622
-5,436,932.802836
-5,524,933.430803
-5,636,934.17026
-5,522,934.846345
-2,1158,936.217066
-5,861,937.400876
-5,495,938.05611
-5,468,938.679009
-5,693,939.521666
-5,642,940.31946
-4,822,941.413892
-4,599,942.184835
-5,555,942.88565
-5,402,943.434516
-5,632,944.211287
-5,414,944.78063
-5,683,945.588847
-5,534,946.322094
-5,608,947.230928
-5,720,948.234136
-5,604,948.948781
-5,547,949.660737
-5,592,950.425202
-5,458,950.987378
-5,674,951.822143
-5,653,952.76196
-5,492,953.394189
-5,525,954.035666
-5,529,954.739778
-5,574,955.445021
-5,583,956.222916
-5,459,956.814499
-5,439,957.317498
-5,567,958.054605
-5,505,958.683486
-5,491,959.303715
-5,517,960.020624
-5,546,960.812516
-5,547,961.530341
-5,426,962.130684
-5,466,962.712126
-5,501,963.338
-5,442,964.043091
-5,492,964.736392
-5,387,965.316689
-5,458,966.014379
-5,551,966.595762
-5,463,967.149894
-5,568,967.810466
-5,653,968.535161
-5,1287,970.076738
-5,578,970.827317
-5,512,971.472794
-4,624,972.342402
-5,653,973.305928
-2,976,974.692566
-5,559,975.51508
-5,537,976.305698
-5,390,976.836559
-5,655,977.631235
-5,928,978.837369
-5,497,979.531605
-5,614,980.561091
-5,541,981.308044
-5,513,981.978974
-5,844,983.12125
-5,430,983.5952
-5,574,984.248979
-5,697,985.061898
-5,511,985.704844
-5,791,986.772357
-5,544,987.408079
-5,485,988.004634
-5,563,988.675569
-5,701,989.484344
-5,686,990.34966
-5,762,991.245744
-5,509,991.816579
-4,492,992.408987
-5,574,993.106081
-5,533,993.764785
-5,616,994.50307
-5,685,995.276969
-5,528,995.978017
-5,485,996.653478
-5,733,997.489401
-5,491,998.057799
-5,586,998.881099
-5,584,999.506476
-5,510,1000.03641
-4,834,1001.082677
-5,768,1001.985849
-5,529,1002.596311
-5,717,1003.36239
-5,469,1003.888955
-5,493,1004.429683
-5,552,1005.004546
-5,564,1005.61981
-5,881,1006.644818
-5,554,1007.323071
-5,518,1007.885609
-5,555,1008.496471
-4,750,1009.294943
-5,532,1009.872436
-5,485,1010.407922
-5,554,1011.013634
-4,747,1011.848091
-5,671,1012.589969
-5,722,1013.381071
-5,611,1014.066023
-5,548,1014.708422
-5,699,1015.482302
-5,765,1016.450391
-5,941,1017.516497
-5,687,1018.256496
-5,433,1018.716728
-5,677,1019.457235
-5,521,1020.024403
-5,617,1020.758445
-4,659,1021.471094
-5,746,1022.28359
-5,693,1023.011851
-5,651,1023.699323
-5,650,1034.645054
-5,494,1042.879584
-4,817,1056.49623
-5,608,1066.628719
-5,584,1076.365331
-5,668,1087.50103
-5,585,1097.250294
-5,508,1105.713331
-4,722,1117.747755
-5,815,1131.331671
-5,416,1131.825133
-5,565,1132.397604
-5,477,1132.894582
-4,1105,1134.097687
-5,636,1134.733164
-5,512,1135.26817
-4,694,1135.988081
-5,631,1136.652258
-4,888,1137.536376
-5,547,1138.071353
-5,529,1138.597666
-5,526,1139.11392
-5,524,1139.644393
-5,691,1140.420306
-5,465,1140.908457
-5,535,1141.488521
-5,502,1141.971641
-5,696,1142.666363
-5,672,1143.471165
-5,920,1144.429627
-5,778,1145.215835
-5,608,1145.846392
-5,515,1146.355697
-5,589,1147.01365
-5,513,1147.610271
-5,973,1148.61144
-5,617,1149.293908
-5,908,1150.319546
-4,769,1151.120023
-5,701,1151.963281
-5,478,1152.539686
-5,428,1153.10904
-5,555,1153.937609
-5,467,1154.641946
-5,586,1155.447246
-5,613,1156.392203
-4,516,1157.108257
-5,508,1157.800365
-5,567,1158.530221
-5,434,1159.013321
-5,619,1159.69016
-5,555,1160.349942
-4,554,1160.982324
-4,580,1161.742701
-5,680,1162.608564
-5,611,1163.372317
-5,717,1164.347013
-5,521,1164.982073
-5,677,1165.823766
-4,700,1166.65506
-5,749,1167.618789
-5,713,1168.449905
-4,503,1169.045923
-5,454,1169.56628
-5,669,1170.356859
-5,649,1171.105425
-4,632,1171.876693
-5,413,1172.403125
-5,829,1173.331318
-5,638,1174.083394
-5,522,1174.654841
-5,508,1175.229943
-5,511,1175.792011
-5,517,1176.363544
-5,636,1177.095137
-5,669,1177.895803
-5,482,1178.462763
-5,616,1179.165444
-4,858,1180.176186
-5,623,1180.887049
-5,518,1181.553784
-4,752,1182.533704
-5,468,1183.106816
-5,605,1183.819732
-5,549,1184.533353
-5,418,1184.992654
-5,713,1185.876966
-5,669,1186.672204
-5,733,1187.464465
-5,677,1188.232543
-5,490,1188.747691
-5,546,1189.341286
-5,453,1189.864818
-4,575,1190.516527
-5,422,1191.010143
-5,462,1191.541709
-5,610,1192.252128
-5,650,1193.08019
-5,598,1193.764071
-5,802,1194.693425
-5,637,1195.453176
-5,436,1195.970382
-5,582,1196.743709
-5,414,1197.194195
-4,750,1198.081346
-5,496,1198.634776
-4,715,1199.454498
-5,697,1200.271516
-5,505,1200.925532
-5,554,1201.628771
-5,503,1202.238388
-5,506,1202.830245
-5,552,1203.471753
-5,604,1204.171356
-5,596,1204.861915
-5,675,1205.693695
-5,633,1206.445246
-4,660,1207.331297
-5,476,1207.921733
-4,778,1208.844151
-5,569,1209.507503
-5,546,1210.180939
-5,630,1210.913203
-5,553,1211.522107
-5,531,1212.178962
-5,614,1212.833987
-5,639,1213.614238
-4,867,1214.601135
-5,417,1215.068017
-5,675,1215.852426
-5,851,1216.894398
-5,615,1217.60572
-5,600,1218.31827
-5,454,1218.897024
-5,808,1219.853597
-5,529,1220.545939
-5,491,1221.068778
-5,444,1221.580174
-5,601,1222.375883
-4,949,1223.475807
-5,584,1224.1673
-5,479,1224.770388
-5,621,1225.533541
-5,565,1226.207021
-5,727,1227.084884
-5,530,1227.739917
-4,723,1228.630838
-5,603,1229.36485
-5,581,1230.020487
-5,692,1230.827935
-5,457,1231.357531
-5,676,1232.13853
-4,584,1232.813698
-5,711,1233.623928
-5,457,1234.152974
-5,616,1234.908198
-5,608,1235.679821
-5,662,1236.485428
-5,697,1237.389638
-5,798,1238.338673
-5,619,1239.084455
-5,666,1239.802085
-5,483,1240.418872
-4,694,1241.224349
-5,643,1241.92185
-5,722,1242.860124
-4,742,1243.7322
-5,583,1244.371297
-5,567,1244.999235
-5,423,1245.4821
-5,636,1246.274479
-5,595,1247.014511
-5,537,1247.605369
-5,597,1248.284091
-5,615,1248.945364
-5,496,1249.535983
-5,547,1250.188416
-5,610,1250.914065
-4,581,1251.665123
-5,690,1252.587005
-5,619,1253.361603
-5,581,1254.07208
-4,1232,1255.489493
-5,768,1256.466505
-5,696,1257.304151
-5,565,1258.015123
-5,557,1258.687045
-4,548,1259.329335
-5,536,1260.038381
-5,436,1260.599778
-4,558,1261.218511
-5,728,1262.102343
-5,518,1262.748016
-5,623,1263.498025
-5,493,1264.082238
-5,508,1264.69573
-5,506,1265.261896
-5,518,1265.864781
-5,438,1266.370267
-5,660,1267.152008
-4,796,1268.129638
-5,672,1268.948469
-5,682,1269.752282
-5,545,1270.362312
-5,602,1271.03965
-5,529,1271.664356
-5,492,1272.226579
-5,606,1272.994132
-5,645,1273.813616
-5,790,1274.723366
-5,590,1275.399827
-5,504,1275.975452
-5,619,1276.766349
-5,520,1277.391004
-5,727,1278.212562
-5,439,1278.7479
-5,425,1279.233539
-4,757,1280.12816
-4,577,1280.832998
-5,654,1281.629005
-5,428,1282.15172
-4,563,1282.872085
-5,658,1283.703171
-5,532,1284.286884
-5,519,1284.912609
-4,597,1285.618487
-4,894,1286.775397
-5,556,1287.424973
-5,408,1287.909832
-5,611,1288.567726
-5,552,1289.194009
-5,433,1289.672909
-5,825,1290.736886
-5,600,1291.405199
-5,712,1292.211163
-5,584,1292.999913
-5,592,1293.678025
-5,406,1294.144472
-5,626,1294.884825
-5,684,1295.705513
-5,693,1296.567646
-5,455,1297.083561
-5,523,1297.697265
-5,559,1298.360538
-5,617,1299.086542
-5,514,1299.682742
-5,471,1300.286019
-5,705,1301.143199
-5,432,1301.648934
-5,815,1302.570326
-5,602,1303.283293
-3,776,1304.203987
-5,590,1304.847133
-5,443,1305.335033
-5,645,1306.114998
-5,656,1306.899971
-5,801,1307.794032
-5,676,1308.580574
-5,452,1309.079563
-5,572,1309.724446
-4,693,1310.53665
-5,830,1311.515821
-5,580,1312.211175
-5,811,1313.135847
-5,519,1313.750839
-5,557,1314.405672
-5,779,1315.272569
-5,477,1315.815402
-5,528,1316.486429
-5,630,1317.219626
-5,1066,1318.483088
-5,455,1319.077947
-5,698,1319.904292
-5,501,1320.529168
-4,944,1321.604017
-5,602,1322.315512
-5,626,1323.03549
-4,879,1324.087333
-5,688,1324.886064
-5,674,1325.754148
-5,592,1326.460526
-4,857,1327.462955
-5,714,1328.428197
-5,529,1329.107723
-5,561,1329.74211
-5,841,1330.77947
-5,466,1331.354922
-5,468,1331.887839
-5,804,1332.864411
-5,491,1333.451167
-5,596,1334.121525
-5,699,1334.936202
-5,657,1335.686923
-5,511,1336.461786
-5,543,1337.256851
-5,674,1338.177572
-5,621,1338.95404
-5,478,1339.555527
-5,488,1340.174229
-5,586,1340.805257
-5,615,1341.489875
-5,748,1342.356367
-4,651,1343.162617
-5,508,1343.817951
-5,400,1344.344305
-5,516,1344.930202
-5,662,1345.724195
-4,681,1346.495145
-5,500,1347.083539
-5,706,1347.921388
-4,659,1348.677171
-5,469,1349.247734
-5,521,1349.820234
-5,493,1350.436216
-5,638,1351.180388
-5,594,1351.919492
-5,628,1352.684521
-5,547,1353.384354
-5,610,1354.087351
-5,512,1354.722597
-5,627,1355.466106
-5,988,1356.58952
-5,556,1357.268233
-5,618,1357.968044
-5,695,1358.793385
-5,480,1359.37813
-5,449,1359.92941
-5,439,1360.442392
-5,521,1361.086313
-5,581,1361.791569
-5,610,1362.48158
-5,630,1363.224783
-5,516,1363.843305
-5,921,1365.014127
-4,780,1365.902605
-4,622,1366.691884
-5,719,1367.558744
-5,436,1368.098449
-5,736,1369.044777
-5,543,1369.663927
-5,519,1370.268856
-5,470,1370.830302
-5,524,1371.416721
-5,464,1371.963471
-5,483,1372.576519
-5,429,1373.055094
-5,513,1373.667692
-4,500,1374.32644
-5,1037,1375.533345
-5,465,1376.092608
-5,488,1376.678318
-5,616,1377.400872
-5,616,1378.079709
-5,512,1378.712545
-4,673,1379.486821
-5,467,1380.033709
-5,631,1380.764456
-5,523,1381.36598
-5,715,1382.268527
-5,560,1382.930676
-5,890,1384.014266
-5,463,1384.652401
-5,735,1385.692527
-5,490,1386.431964
-5,629,1387.388538
-5,518,1388.1878
-4,832,1389.37509
-5,626,1390.328292
-5,668,1391.125969
-5,581,1391.993911
-5,568,1392.732542
-5,688,1393.65031
-5,603,1394.329907
-5,701,1395.134229
-5,598,1395.878393
-5,544,1396.5094
-5,501,1397.136956
-4,683,1397.944336
-5,427,1398.500923
-5,547,1399.171335
-4,617,1399.858653
-5,441,1400.376759
-5,753,1401.278113
-5,381,1401.762867
-5,611,1402.511427
-5,515,1403.073124
-5,541,1403.727721
-5,824,1404.826621
-5,719,1405.721701
-5,514,1406.365568
-5,526,1407.116026
-5,669,1408.1094
-5,829,1409.336442
-3,748,1410.28898
-5,679,1411.101683
-4,703,1411.98654
-5,830,1413.114609
-5,430,1413.65983
-5,473,1414.238155
-5,713,1415.171784
-4,626,1415.930137
-5,604,1416.727315
-5,481,1417.34378
-5,603,1418.193928
-5,537,1418.843181
-5,849,1419.882842
-4,815,1420.844481
-5,581,1421.496986
-5,659,1422.276095
-5,469,1422.777106
-5,668,1423.509332
-5,778,1424.540005
-4,728,1425.352582
-5,671,1426.118644
-5,677,1426.963989
-5,615,1427.691572
-5,802,1428.722415
-5,469,1429.258445
-5,435,1429.750856
-5,511,1430.334982
-4,548,1439.603053
-5,416,1446.537167
-5,805,1459.955647
-5,860,1474.285783
-5,640,1484.954926
-5,544,1494.019623
-5,498,1502.321945
-5,694,1513.89007
-5,697,1525.506639
-5,695,1537.086627
-5,923,1538.191664
-5,650,1538.916055
-5,535,1539.552114
-5,422,1540.094999
-5,595,1541.026104
-5,469,1541.594863
-5,682,1542.465636
-5,532,1543.090453
-5,690,1543.862296
-5,650,1544.682126
-5,848,1545.677883
-5,509,1546.301708
-4,1054,1547.512171
-5,486,1548.08517
-5,485,1548.638806
-4,753,1549.523419
-5,627,1550.274201
-5,833,1551.263981
-4,651,1552.020005
-5,607,1552.806721
-5,491,1553.501443
-5,757,1554.54939
-5,489,1555.181334
-5,651,1556.153122
-5,795,1557.229068
-5,461,1557.889595
-5,687,1558.863606
-5,738,1559.747162
-5,612,1560.61965
-4,671,1561.464105
-5,515,1562.208463
-4,771,1563.19408
-5,698,1564.233066
-5,776,1565.387758
-5,674,1566.343776
-5,563,1567.125631
-5,642,1567.892828
-5,734,1568.897074
-4,733,1569.882743
-5,573,1570.622571
-5,524,1571.301752
-5,648,1572.186572
-5,675,1572.979325
-4,691,1573.858618
-5,659,1574.651704
-5,473,1575.241025
-5,533,1576.057493
-4,820,1577.50691
-4,737,1578.526729
-5,498,1579.229028
-5,445,1579.828603
-5,481,1580.508247
-5,907,1581.589861
-5,587,1582.418172
-5,672,1583.234582
-5,706,1584.265859
-5,517,1584.965336
-4,718,1585.979211
-5,746,1587.089673
-4,863,1588.37375
-4,934,1589.587853
-5,735,1590.528405
-5,949,1591.661092
-4,571,1592.472965
-5,673,1593.304022
-5,394,1593.822128
-5,540,1594.497863
-5,723,1595.370279
-5,553,1596.116974
-5,505,1596.72819
-5,533,1597.401889
-4,487,1598.043933
-5,740,1599.090156
-5,621,1599.895583
-3,912,1601.177037
-5,694,1602.098884
-5,459,1602.708166
-5,545,1603.409627
-4,526,1603.991435
-5,430,1604.495664
-5,579,1605.195505
-5,482,1605.801267
-5,460,1606.458585
-5,525,1607.158977
-5,585,1607.895708
-4,701,1608.797541
-5,619,1609.626267
-5,496,1610.284977
-5,549,1610.973935
-5,695,1611.885955
-5,910,1613.162052
-5,616,1614.13464
-5,727,1615.098082
-5,477,1615.833638
-5,910,1617.475675
-5,755,1618.594158
-5,659,1619.390715
-5,483,1619.947979
-5,683,1620.790639
-4,957,1622.115155
-5,689,1623.044816
-5,444,1623.560857
-5,571,1624.344945
-5,525,1625.005578
-5,507,1625.678125
-5,491,1626.341866
-5,681,1627.143835
-5,375,1627.647839
-4,1216,1629.15216
-5,670,1630.018671
-5,521,1630.695822
-5,533,1631.352165
-5,636,1632.170775
-5,504,1633.009715
-5,435,1633.589354
-4,870,1634.663143
-5,483,1635.304417
-5,552,1635.977477
-5,574,1636.821457
-5,400,1637.332558
-5,506,1638.060903
-5,477,1638.692404
-5,466,1639.296222
-5,729,1640.311582
-5,515,1641.040065
-5,646,1641.787456
-5,625,1642.624729
-5,624,1643.532168
-5,591,1644.33018
-5,621,1645.187655
-5,481,1645.901165
-5,635,1646.879285
-4,541,1647.573612
-4,815,1648.661247
-5,448,1649.241194
-5,513,1649.860088
-5,548,1650.604802
-5,509,1651.22414
-5,568,1651.986847
-5,957,1653.247186
-5,468,1653.840598
-5,812,1654.856362
-5,628,1655.684553
-5,806,1656.694542
-5,786,1657.718769
-5,450,1658.3236
-5,497,1658.994244
-5,520,1659.648689
-5,741,1660.576092
-5,546,1661.216023
-5,508,1661.854806
-4,800,1662.934169
-5,642,1663.70647
-4,891,1664.844142
-5,655,1665.66014
-5,853,1666.667098
-5,823,1667.683805
-4,580,1668.391895
-5,547,1669.099048
-5,700,1669.963769
-5,672,1670.820883
-5,750,1671.798634
-5,629,1672.680093
-5,510,1673.347074
-5,1061,1675.065535
-5,517,1675.783621
-5,511,1676.61238
-5,562,1677.373973
-5,1073,1678.973024
-4,886,1680.073425
-5,765,1681.058652
-4,689,1681.859404
-4,703,1682.712083
-5,671,1683.545589
-5,379,1683.992179
-5,732,1684.8854
-5,439,1685.453075
-5,462,1686.053918
-5,538,1686.792138
-5,485,1687.404355
-5,511,1688.072188
-5,492,1688.699714
-4,880,1689.883926
-5,790,1690.942277
-5,711,1691.840689
-5,862,1692.905719
-5,641,1693.737028
-5,562,1694.454991
-5,539,1695.109092
-5,540,1695.745378
-5,755,1696.891667
-5,560,1697.622571
-5,745,1698.628958
-5,463,1699.304715
-5,648,1700.130518
-4,924,1701.314187
-5,639,1702.157575
-5,821,1703.241045
-4,557,1704.017397
-5,586,1704.867081
-4,701,1705.849226
-5,677,1706.799398
-5,494,1707.454415
-5,485,1708.141336
-5,610,1708.942721
-4,925,1710.060265
-5,625,1710.89884
-5,522,1711.532257
-5,649,1712.391051
-5,597,1713.136383
-5,608,1713.964445
-5,643,1714.749377
-5,527,1715.405863
-5,538,1716.084756
-5,525,1716.762833
-5,735,1717.752927
-5,592,1718.544794
-5,544,1719.199104
-5,692,1720.094072
-5,470,1720.65849
-4,587,1721.383235
-5,638,1722.193517
-5,529,1722.837666
-5,434,1723.462913
-5,629,1724.256622
-5,861,1725.290949
-5,690,1726.185441
-4,595,1726.902223
-4,732,1727.842685
-5,566,1728.609012
-5,556,1729.315374
-4,677,1730.208421
-5,547,1730.813368
-5,462,1731.366041
-5,520,1732.097471
-5,839,1733.196934
-5,459,1733.831856
-5,463,1734.542678
-5,428,1735.115241
-5,526,1735.795663
-5,592,1736.592543
-5,551,1737.340225
-4,578,1738.167816
-5,529,1738.946008
-4,820,1740.000431
-2,885,1741.118138
-5,883,1742.304408
-5,629,1743.120113
-5,499,1743.765645
-5,515,1744.465746
-5,685,1745.250628
-5,760,1746.244213
-4,599,1746.972862
-5,604,1747.766083
-5,589,1748.598458
-5,552,1749.275152
-5,519,1749.906364
-5,395,1750.386863
-5,633,1751.18362
-5,801,1752.163651
-5,464,1752.742124
-5,748,1753.770688
-5,598,1754.533809
-5,760,1755.496809
-5,554,1756.200994
-4,763,1757.192515
-5,433,1757.781387
-5,554,1758.546026
-5,479,1759.179532
-5,523,1759.821179
-4,746,1760.750873
-5,527,1761.407797
-5,750,1762.437959
-5,767,1763.437226
-5,496,1764.082254
-5,577,1764.941
-5,436,1765.517492
-5,590,1766.304894
-5,492,1766.998384
-5,524,1767.713755
-5,494,1768.475312
-5,496,1769.127991
-5,576,1769.941564
-5,547,1770.633854
-5,702,1771.541813
-5,491,1772.138921
-5,858,1773.172535
-5,417,1773.757223
-5,528,1774.559033
-4,622,1775.332341
-5,752,1776.229301
-5,489,1776.910069
-5,529,1777.638186
-3,1107,1779.115891
-5,577,1779.863479
-5,593,1780.732594
-4,605,1781.560151
-5,531,1782.34399
-5,699,1783.262788
-5,597,1784.018086
-4,637,1784.879955
-5,703,1785.80739
-5,593,1786.569914
-5,426,1787.126209
-5,540,1788.034636
-5,582,1789.033487
-5,605,1789.8166
-5,651,1790.931998
-5,450,1791.528626
-5,593,1792.413116
-5,579,1793.181155
-5,643,1794.09216
-5,525,1794.949341
-5,594,1795.812614
-5,663,1796.811466
-5,788,1797.833463
-5,671,1798.736004
-5,847,1799.897859
-5,628,1800.661224
-5,611,1801.418237
-5,688,1802.402851
-5,637,1803.188116
-5,804,1804.427509
-5,630,1805.190573
-5,657,1805.961319
-5,824,1807.054492
-5,649,1807.92075
-4,719,1808.883622
-4,582,1809.604246
-4,638,1810.481241
-5,691,1811.382402
-5,486,1811.961083
-5,452,1812.593289
-5,609,1813.33285
-5,472,1813.922354
-4,677,1814.73994
-5,598,1815.440901
-5,612,1816.272667
-5,637,1817.099439
-5,633,1817.866569
-5,628,1818.697206
-5,547,1819.488034
-5,541,1820.115379
-5,556,1820.826653
-5,570,1821.571908
-5,407,1822.181147
-5,508,1822.866759
-5,478,1823.447729
-5,925,1824.852256
-5,493,1825.578564
-5,698,1826.496927
-5,816,1827.597726
-5,680,1828.563374
-5,662,1829.476333
-5,756,1830.513075
-5,657,1831.365224
-5,585,1832.167212
-4,785,1833.146439
-5,620,1833.893969
-5,518,1834.661219
-5,1032,1835.986085
-5,597,1836.714179
-5,396,1837.274318
-5,578,1838.004527
-5,629,1838.815768
-5,394,1839.334837
-5,425,1839.841566
-5,490,1840.44976
-5,552,1841.076896
-5,673,1841.912988
-5,851,1842.885918
-5,600,1843.604273
-5,668,1844.35168
-5,861,1845.335323
-4,904,1846.483493
-5,703,1847.305063
-5,621,1848.005044
-5,662,1848.749415
-5,603,1849.441744
-5,760,1850.253883
-5,460,1850.786771
-5,740,1851.589504
-5,561,1852.232059
-5,675,1853.088541
-5,553,1853.811785
-5,717,1854.717528
-4,664,1855.559345
-5,510,1856.164778
-5,505,1856.793138
-5,628,1857.499173
-5,546,1858.121963
-5,435,1858.636267
-5,605,1859.236648
-5,494,1859.764164
-4,896,1860.733434
-5,522,1861.284634
-4,643,1861.936181
-5,529,1862.548048
-4,950,1863.642307
-4,747,1876.111646
-5,593,1885.991879
-3,649,1896.810502
-5,440,1904.146135
-5,770,1916.976397
-3,1145,1936.060504
-5,727,1948.176668
-5,552,1957.377827
-5,752,1969.911047
-5,457,1977.527166
-5,498,1978.110234
-5,429,1978.667034
-5,549,1979.332729
-5,682,1980.296939
-5,502,1980.93625
-5,569,1981.654615
-5,655,1982.544478
-5,472,1983.159118
-5,513,1983.857058
-5,480,1984.494952
-4,735,1985.604874
-5,536,1986.340539
-4,764,1987.374603
-5,551,1988.105866
-5,515,1988.850507
-5,580,1989.838537
-5,567,1990.688395
-5,646,1991.587333
-5,458,1992.215556
-5,615,1993.140528
-5,480,1993.751779
-5,847,1995.055141
-5,518,1995.766006
-5,614,1996.63201
-5,624,1997.548443
-5,511,1998.308709
-5,641,1999.270302
-5,558,1999.991848
-5,493,2000.686174
-4,676,2001.557587
-4,685,2002.391303
-4,607,2003.158153
-5,865,2004.42344
-5,697,2005.321185
-5,550,2006.059399
-5,853,2007.281697
-5,679,2008.263159
-5,521,2008.976022
-5,586,2009.821424
-5,847,2010.95943
-4,618,2011.771302
-5,487,2012.413152
-5,551,2013.177683
-5,463,2013.797035
-4,628,2014.692128
-4,915,2015.921814
-5,453,2016.529051
-5,643,2017.382466
-5,490,2018.106333
-5,464,2018.751009
-5,634,2019.655058
-4,725,2020.639307
-5,462,2021.243167
-5,588,2021.980866
-5,764,2022.980621
-5,674,2023.879435
-4,869,2025.02775
-5,618,2025.798476
-5,523,2026.479526
-5,600,2027.247741
-4,711,2028.180047
-4,794,2029.287184
-5,536,2030.045991
-5,444,2030.617135
-5,603,2031.454247
-5,641,2032.325059
-5,652,2033.188163
-4,749,2034.225313
-5,625,2035.12957
-4,792,2036.3377
-5,711,2037.367683
-5,712,2038.304997
-5,687,2039.216088
-5,595,2039.954423
-5,736,2040.945026
-5,750,2041.90322
-5,794,2042.863669
-5,712,2043.775667
-5,611,2044.605422
-4,665,2045.469492
-5,540,2046.137452
-5,521,2046.795747
-5,497,2047.385503
-4,940,2048.566022
-5,498,2049.242677
-5,691,2050.260869
-5,527,2050.927071
-5,487,2051.549786
-5,498,2052.164101
-5,624,2052.964888
-4,819,2054.044258
-5,839,2055.08438
-5,618,2055.818399
-5,613,2056.625526
-4,648,2057.511019
-5,384,2058.002447
-3,891,2059.139908
-4,591,2059.927193
-5,613,2060.746176
-4,579,2061.447244
-5,832,2062.683147
-4,681,2063.591282
-5,961,2064.972903
-5,782,2066.095697
-5,399,2066.693959
-5,611,2067.600005
-5,559,2068.382681
-5,511,2069.041977
-4,790,2070.101302
-5,700,2071.020462
-5,828,2072.000491
-5,699,2072.87293
-4,814,2073.966746
-5,626,2074.698567
-5,497,2075.288352
-5,533,2075.945065
-5,778,2076.950759
-5,821,2077.913555
-5,643,2078.682691
-5,507,2079.253253
-4,837,2080.331175
-4,687,2081.186674
-5,625,2081.955709
-5,810,2082.976352
-5,557,2083.614859
-5,766,2084.531596
-5,437,2085.058339
-5,533,2085.743325
-5,510,2086.493029
-5,540,2087.114361
-5,646,2087.882313
-5,653,2088.700725
-5,453,2089.276765
-5,513,2089.878137
-5,499,2090.492335
-4,790,2091.459091
-5,553,2092.211886
-4,651,2092.94745
-4,618,2093.746882
-5,836,2094.772499
-5,457,2095.348683
-5,434,2095.860706
-4,825,2096.877326
-5,684,2097.713203
-5,510,2098.373442
-5,516,2099.093644
-5,626,2099.856999
-5,736,2100.773625
-5,1006,2102.01352
-5,598,2102.787033
-5,451,2103.351088
-5,785,2104.331195
-5,561,2105.009649
-5,683,2105.901498
-5,772,2106.794747
-4,793,2107.807932
-5,482,2108.386402
-5,533,2109.01265
-5,524,2109.609543
-5,706,2110.479402
-5,604,2111.258724
-5,648,2112.065624
-5,421,2112.669541
-5,422,2113.15821
-5,551,2113.820907
-5,702,2114.719754
-5,447,2115.197293
-5,498,2115.829332
-5,616,2116.649135
-5,568,2117.362154
-5,903,2118.442227
-5,796,2119.411789
-5,683,2120.275633
-5,490,2120.887169
-4,695,2121.724698
-5,443,2122.280581
-5,790,2123.247639
-4,720,2124.217124
-4,813,2125.208956
-5,656,2126.149609
-5,700,2127.044194
-5,510,2127.653325
-5,627,2128.487957
-4,570,2129.187421
-5,744,2130.08567
-5,621,2130.915452
-5,741,2131.83115
-5,406,2132.342438
-5,470,2132.920986
-5,547,2133.589726
-5,612,2134.428864
-5,708,2135.305785
-5,755,2136.245971
-5,586,2137.009234
-4,735,2137.918078
-5,463,2138.562315
-5,635,2139.373362
-5,512,2139.967635
-5,695,2140.816319
-4,565,2141.501613
-5,697,2142.313413
-5,658,2143.018465
-4,613,2143.746128
-5,553,2144.456941
-5,508,2145.041521
-4,655,2145.902406
-5,628,2146.74225
-5,893,2147.7704
-5,652,2148.595109
-5,552,2149.293528
-5,574,2150.02559
-5,724,2150.856883
-5,571,2151.506859
-5,653,2152.382281
-5,661,2153.232126
-5,647,2154.003456
-5,603,2154.815207
-4,620,2155.571733
-4,498,2156.216648
-5,773,2157.195273
-5,583,2157.89252
-5,632,2158.670889
-5,528,2159.422284
-4,908,2160.478755
-5,401,2160.95191
-5,770,2161.888585
-5,531,2162.583342
-5,571,2163.232507
-5,877,2164.398664
-5,676,2165.152137
-5,463,2165.735097
-5,633,2166.51458
-5,705,2167.319405
-5,689,2168.074257
-5,665,2168.867949
-5,618,2169.611394
-5,458,2170.155952
-5,566,2170.89761
-5,521,2171.498775
-5,579,2172.231279
-5,501,2172.862011
-5,516,2173.475038
-5,599,2174.212065
-5,743,2175.207318
-5,527,2175.822734
-5,472,2176.557878
-5,633,2177.348118
-4,876,2178.40962
-5,553,2179.020125
-5,666,2179.815847
-5,477,2180.408527
-5,438,2180.934033
-5,675,2181.806923
-5,599,2182.566146
-5,887,2183.648669
-5,488,2184.237724
-5,555,2184.921357
-5,763,2185.83328
-5,529,2186.461653
-5,596,2187.126648
-5,611,2187.831661
-5,540,2188.590318
-5,635,2189.426468
-5,559,2190.084918
-5,500,2190.663469
-5,743,2191.575649
-4,900,2192.639148
-5,572,2193.25439
-5,460,2193.84006
-5,792,2194.826307
-5,546,2195.524965
-5,457,2196.039538
-5,582,2196.744924
-5,538,2197.38918
-5,598,2198.145441
-4,674,2198.959799
-5,498,2199.562853
-5,649,2200.361054
-5,723,2201.179528
-5,878,2202.304684
-5,521,2202.946066
-5,601,2203.700763
-4,670,2204.502807
-5,729,2205.369966
-5,606,2206.113487
-3,868,2207.085524
-5,452,2207.607562
-4,570,2208.327973
-5,571,2209.005032
-5,443,2209.577382
-5,515,2210.182089
-5,853,2211.187966
-5,579,2211.923951
-5,575,2212.660095
-5,689,2213.465814
-5,418,2213.986179
-3,814,2214.974127
-5,609,2215.780392
-5,449,2216.329244
-5,605,2217.08935
-5,473,2217.607706
-5,587,2218.234399
-5,572,2218.900742
-5,757,2219.818209
-5,526,2220.492191
-5,587,2221.201452
-5,635,2221.940705
-5,474,2222.525888
-5,830,2223.515483
-5,675,2224.359488
-5,507,2224.991804
-5,720,2225.851962
-5,502,2226.407301
-5,763,2227.275898
-5,688,2228.189036
-5,585,2228.908522
-5,436,2229.451404
-5,734,2230.354923
-5,565,2231.009821
-5,628,2231.834116
-5,723,2232.8454
-5,604,2233.602794
-5,622,2234.38341
-5,785,2235.283538
-5,510,2235.818024
-5,605,2236.723765
-5,512,2237.274521
-5,461,2237.760498
-5,768,2238.81348
-5,430,2239.494997
-4,844,2240.521038
-5,604,2241.312759
-5,830,2242.280893
-5,579,2242.990588
-5,547,2243.632852
-5,999,2244.825737
-5,546,2245.421349
-5,673,2246.131297
-5,641,2246.826113
-4,748,2247.579668
-5,449,2248.055459
-5,533,2248.616324
-4,742,2249.39107
-5,782,2250.224945
-5,692,2251.001149
-4,647,2251.726372
-5,576,2252.307106
-5,494,2252.855533
-5,608,2253.514439
-5,593,2254.140936
-5,679,2254.839986
-5,625,2255.517879
-5,471,2255.991554
-5,532,2256.580985
-5,477,2257.081648
-5,485,2257.627438
-5,557,2258.181611
-4,588,2258.803855
-5,387,2259.201008
-5,503,2259.78723
-5,569,2260.409058
-5,553,2260.970458
-5,544,2261.584668
-4,592,2262.166352
-5,489,2262.672343
-5,709,2263.367013
-5,523,2263.896581
-5,662,2264.557178
-5,705,2265.255569
-5,532,2265.783115
-5,596,2266.352865
-5,500,2266.865907
-5,533,2267.389252
-5,603,2267.966092
-5,665,2268.608768
-5,736,2269.377474
-5,611,2269.965851
-5,686,2270.633608
-5,675,2271.291835
-5,477,2271.766856
-5,858,2272.662156
-5,504,2273.120218
-5,635,2273.765565
-5,568,2274.282553
-4,818,2275.053091
-5,553,2275.584164
-5,479,2276.024903
-5,632,2276.672197
-5,497,2277.201702
-5,585,2277.73986
-5,572,2278.271497
-5,490,2278.73592
-5,612,2279.295646
-5,508,2279.800712
-5,600,2280.393929
-5,468,2280.852625
-4,950,2281.760768
-5,442,2282.195765
-5,551,2282.71681
-5,493,2283.209494
-5,472,2283.670005
-5,527,2284.233991
-5,415,2284.649136
-5,602,2285.214915
-5,1015,2302.029524
-5,856,2316.302428
-5,520,2324.964923
-4,673,2336.181606
-5,1234,2356.748959
-5,638,2367.382665
-5,967,2383.499512
-5,602,2393.533092
-5,621,2403.883656
-5,813,2417.435564
-5,614,2418.130498
-5,434,2418.623258
-5,807,2419.551021
-5,565,2420.184451
-5,639,2420.89639
-5,651,2421.595703
-4,575,2422.213917
-5,793,2423.080474
-5,507,2423.690571
-5,763,2424.507259
-5,445,2424.966872
-5,562,2425.598894
-5,544,2426.234427
-5,418,2426.709107
-5,789,2427.529398
-5,412,2427.971318
-5,470,2428.476523
-5,736,2429.379507
-5,481,2429.950459
-5,665,2430.6424
-5,392,2431.09211
-5,551,2431.673242
-5,562,2432.301763
-5,583,2432.92743
-4,803,2433.850983
-5,378,2434.266899
-5,660,2434.9708
-5,404,2435.456355
-5,564,2436.07473
-3,657,2436.772898
-5,389,2437.20694
-5,449,2437.696335
-5,499,2438.328341
-5,712,2439.173477
-4,860,2440.084424
-5,469,2440.596791
-5,640,2441.399922
-5,463,2441.92867
-5,564,2442.542244
-5,516,2443.147632
-3,801,2443.976759
-5,466,2444.492981
-5,536,2445.060454
-4,825,2445.932334
-5,529,2446.518765
-5,766,2447.463805
-5,558,2448.09367
-5,574,2448.707649
-4,742,2449.561697
-5,660,2450.282283
-5,428,2450.759661
-5,684,2451.515254
-5,776,2452.355144
-5,506,2452.941017
-4,684,2453.727017
-5,477,2454.228615
-5,852,2455.20486
-4,938,2456.325665
-5,733,2457.160771
-5,503,2457.771615
-5,427,2458.229936
-5,485,2458.727525
-5,552,2459.323236
-5,513,2459.940183
-5,718,2460.800241
-5,649,2461.553376
-5,401,2461.989785
-5,662,2462.717052
-5,428,2463.219842
-5,542,2463.833216
-5,625,2464.577048
-5,561,2465.203436
-5,751,2466.013359
-5,524,2466.60248
-5,422,2467.049573
-5,629,2467.758384
-5,685,2468.589926
-5,414,2469.087487
-5,420,2469.568593
-5,637,2470.275328
-5,359,2470.679944
-5,588,2471.347046
-5,808,2472.273182
-5,531,2472.923272
-5,524,2473.485612
-5,345,2473.911474
-5,516,2474.483024
-5,668,2475.201832
-5,701,2475.966007
-5,649,2476.713712
-5,813,2477.724266
-4,750,2478.554703
-5,406,2479.043706
-5,682,2479.78537
-5,493,2480.301818
-5,491,2480.843512
-5,502,2481.403783
-5,497,2481.976828
-4,572,2482.58775
-5,508,2483.190967
-5,431,2483.623991
-5,660,2484.333075
-5,544,2485.002465
-5,602,2485.693557
-4,532,2486.2679
-5,627,2486.959933
-5,686,2487.759206
-5,589,2488.387872
-5,478,2488.92445
-5,698,2489.688354
-3,743,2490.501984
-5,617,2491.166679
-5,704,2491.906406
-4,831,2492.841246
-5,658,2493.581659
-5,519,2494.126566
-4,538,2494.736069
-5,594,2495.445718
-5,465,2495.953199
-4,888,2496.956025
-4,717,2497.773543
-3,1191,2499.191055
-5,482,2499.704508
-5,645,2500.389606
-5,870,2501.3556
-5,502,2501.912618
-5,439,2502.396755
-5,562,2503.069719
-4,859,2503.998163
-5,510,2504.58055
-5,458,2505.076176
-4,783,2505.940408
-5,831,2506.821759
-5,469,2507.377728
-5,824,2508.273708
-5,498,2508.811688
-5,438,2509.280019
-5,604,2509.988751
-5,764,2510.797686
-5,510,2511.356044
-5,515,2511.938317
-5,674,2512.733645
-5,545,2513.415845
-4,584,2514.072835
-5,707,2514.918238
-5,613,2515.584486
-5,629,2516.32152
-5,751,2517.165824
-5,631,2517.846317
-5,505,2518.400796
-5,465,2518.911974
-5,487,2519.471649
-5,537,2520.096269
-5,571,2520.723762
-5,712,2521.505852
-5,554,2522.149566
-5,611,2522.835266
-5,456,2523.368843
-5,637,2524.050547
-5,650,2524.825299
-5,563,2525.421146
-5,454,2525.929171
-5,690,2526.689101
-4,611,2527.393928
-5,953,2528.504431
-5,620,2529.197119
-5,534,2529.783961
-5,680,2530.544001
-5,510,2531.129082
-5,628,2531.835746
-5,557,2532.421695
-5,469,2532.965976
-5,575,2533.600442
-4,714,2534.401145
-5,771,2535.233604
-5,563,2535.849382
-5,548,2536.429601
-5,977,2537.585305
-5,479,2538.121988
-5,588,2538.845659
-5,598,2539.533125
-5,524,2540.128802
-4,868,2541.116934
-5,724,2541.98627
-5,673,2542.785996
-5,489,2543.445358
-5,495,2544.001346
-4,717,2544.821737
-5,650,2545.553165
-5,561,2546.182102
-5,676,2546.919791
-4,584,2547.579916
-5,527,2548.140064
-5,715,2548.920583
-5,441,2549.451669
-5,543,2550.096745
-4,658,2550.834396
-5,476,2551.374753
-5,431,2551.873968
-3,907,2552.874444
-5,521,2553.453681
-5,462,2553.978513
-5,650,2554.752991
-5,542,2555.340381
-5,407,2555.794274
-5,545,2556.386139
-4,858,2557.317715
-5,545,2557.926273
-5,537,2558.518353
-5,817,2559.400087
-5,733,2560.305759
-5,425,2560.818128
-4,752,2561.648565
-5,436,2562.124479
-5,811,2562.987426
-5,582,2563.65467
-4,623,2564.349896
-5,713,2565.15115
-5,696,2565.922238
-5,435,2566.408076
-5,446,2566.896975
-5,670,2567.689755
-4,698,2568.435362
-5,472,2568.938922
-5,456,2569.447348
-5,519,2570.008782
-5,555,2570.621492
-5,647,2571.372338
-5,437,2571.887779
-5,539,2572.464037
-5,576,2573.129201
-5,590,2573.891201
-5,546,2574.503808
-5,508,2575.055799
-5,607,2575.789396
-5,754,2576.658028
-5,515,2577.272293
-5,749,2578.157777
-5,816,2579.057451
-5,716,2579.955932
-5,545,2580.65209
-5,478,2581.220188
-5,613,2581.877817
-5,907,2582.94083
-5,613,2583.6754
-5,538,2584.325033
-5,577,2584.942999
-5,679,2585.787946
-4,667,2586.554133
-5,449,2587.03467
-5,579,2587.668967
-5,508,2588.236341
-5,593,2588.960629
-5,599,2589.742869
-5,623,2590.431821
-5,731,2591.272479
-5,664,2592.035334
-5,532,2592.618842
-5,719,2593.439057
-5,516,2594.052984
-5,746,2594.925723
-5,453,2595.461722
-5,585,2596.091089
-5,601,2596.776563
-5,521,2597.408934
-5,500,2597.993315
-5,722,2598.778929
-5,522,2599.425401
-5,572,2600.008668
-5,718,2600.804497
-5,692,2601.520202
-5,611,2602.217354
-5,564,2602.820372
-4,700,2603.607899
-5,624,2604.226864
-5,729,2605.015736
-5,661,2605.698736
-5,493,2606.222871
-5,934,2607.217403
-5,522,2607.769361
-5,681,2608.470661
-5,474,2608.982641
-5,479,2609.483819
-5,486,2610.010341
-5,863,2610.925107
-5,588,2611.496933
-4,614,2612.122447
-5,558,2612.670316
-5,440,2613.144599
-5,627,2613.74362
-5,754,2614.537009
-5,589,2615.208827
-5,529,2615.782727
-5,788,2616.572402
-5,648,2617.252805
-5,692,2617.952846
-5,773,2618.808306
-5,568,2619.466954
-5,554,2620.062505
-5,739,2620.843723
-5,468,2621.34709
-5,540,2621.924292
-5,744,2622.757356
-5,606,2623.414739
-5,561,2623.999011
-5,504,2624.513966
-4,663,2625.212915
-4,860,2626.122555
-5,811,2626.933082
-5,467,2627.623361
-5,718,2628.552181
-5,906,2629.637207
-5,480,2630.190672
-5,704,2630.964635
-5,699,2631.724409
-5,498,2632.290961
-5,488,2632.779359
-5,586,2633.47023
-5,605,2634.159677
-5,441,2634.662005
-5,619,2635.324847
-5,526,2635.946418
-5,465,2636.511171
-5,643,2637.274022
-5,534,2637.806458
-5,911,2638.809617
-5,464,2639.311822
-5,851,2640.164124
-5,478,2640.660224
-5,424,2641.149694
-4,625,2641.797284
-5,476,2642.260035
-5,532,2642.849274
-5,620,2643.483906
-5,546,2644.071682
-5,398,2644.491377
-5,601,2645.089958
-5,572,2645.662311
-5,667,2646.297087
-5,415,2646.702764
-5,591,2647.297461
-5,487,2647.805145
-4,677,2648.4649
-5,702,2649.162271
-5,580,2649.709982
-4,907,2650.617919
-5,747,2651.355705
-4,719,2652.074201
-5,400,2652.462574
-5,644,2653.116623
-4,659,2653.786317
-5,667,2654.445786
-5,637,2655.128517
-4,914,2656.096421
-5,735,2656.909691
-5,463,2657.4699
-5,462,2658.056991
-5,793,2658.994715
-5,679,2659.657856
-5,655,2660.390283
-5,541,2661.005793
-5,692,2661.848722
-5,694,2662.575732
-5,578,2663.198945
-5,725,2663.973381
-5,558,2664.575422
-4,1214,2665.990129
-5,554,2666.530575
-4,906,2667.50565
-5,485,2668.041532
-5,705,2668.777409
-5,664,2669.442909
-5,685,2670.136847
-4,729,2670.905607
-5,659,2671.576294
-5,576,2672.171026
-5,468,2672.661659
-5,547,2673.176197
-3,789,2673.974914
-5,517,2674.479675
-4,713,2675.240682
-4,621,2675.855121
-5,482,2676.345823
-5,538,2676.923904
-5,843,2677.80247
-5,480,2678.303506
-5,586,2678.946358
-5,502,2679.430826
-5,474,2679.922039
-4,687,2680.640628
-5,880,2681.574436
-5,831,2682.363854
-5,653,2682.997936
-5,695,2683.676544
-5,480,2684.150429
-5,405,2684.521545
-5,409,2684.916094
-5,624,2685.508936
-5,697,2686.238271
-5,516,2686.751496
-5,772,2687.499447
-5,600,2688.092823
-5,561,2688.67451
-5,503,2689.155771
-5,521,2689.688401
-5,539,2690.209167
-5,693,2690.90276
-5,698,2691.653143
-5,775,2692.49667
-5,519,2693.053004
-4,538,2702.138174
-5,595,2712.054378
-5,513,2720.603886
-5,654,2731.503416
-5,600,2741.508144
-5,670,2752.671904
-5,519,2761.321569
-5,544,2770.387266
-5,589,2780.205457
-5,502,2788.56987
-4,526,2789.123677
-5,477,2789.621883
-4,753,2790.407561
-5,679,2791.102212
-5,510,2791.601946
-5,687,2792.30185
-5,565,2792.931227
-5,576,2793.53836
-5,780,2794.40511
-5,451,2794.883324
-4,795,2795.719163
-5,563,2796.328414
-5,644,2797.027305
-5,623,2797.704236
-5,650,2798.381788
-5,670,2799.081307
-5,680,2799.786391
-5,435,2800.217476
-5,470,2800.704775
-5,694,2801.435296
-5,605,2802.073715
-5,792,2802.907335
-4,661,2803.587739
-5,474,2804.084799
-5,575,2804.70594
-4,615,2805.339873
-5,764,2806.16428
-5,518,2806.750066
-5,834,2807.625596
-5,706,2808.379594
-4,572,2808.974692
-4,927,2809.950323
-5,775,2810.761479
-5,785,2811.593023
-5,498,2812.122041
-5,719,2812.863487
-5,477,2813.338267
-5,603,2813.960639
-5,454,2814.465731
-5,664,2815.16916
-5,519,2815.724062
-5,539,2816.314729
-5,429,2816.796676
-5,638,2817.471463
-5,627,2818.154888
-5,502,2818.678876
-5,548,2819.246143
-5,590,2819.85238
-5,392,2820.228759
-5,621,2820.845208
-5,437,2821.306732
-5,498,2821.822773
-5,677,2822.527831
-5,718,2823.25557
-5,766,2824.05081
-4,598,2824.654569
-5,597,2825.27984
-5,465,2825.743101
-4,599,2826.379113
-5,587,2826.990681
-5,568,2827.581013
-5,692,2828.330918
-5,550,2828.906194
-5,508,2829.438928
-5,436,2829.914949
-5,776,2830.710123
-5,564,2831.295624
-4,699,2831.99831
-5,533,2832.580971
-5,912,2833.494422
-4,701,2834.215811
-5,615,2834.832593
-5,537,2835.373239
-5,537,2835.917486
-5,686,2836.624817
-4,946,2837.565252
-5,517,2838.081216
-5,538,2838.628954
-5,563,2839.21739
-5,762,2839.965748
-5,457,2840.451907
-5,546,2841.001261
-5,680,2841.71629
-5,464,2842.233031
-5,509,2842.797918
-5,708,2843.530258
-5,639,2844.180038
-5,481,2844.687827
-5,709,2845.417084
-4,565,2846.022899
-5,583,2846.631569
-5,502,2847.178675
-5,438,2847.64916
-5,519,2848.198158
-5,560,2848.788012
-5,537,2849.35221
-5,505,2849.910389
-5,440,2850.371751
-5,477,2850.873244
-5,439,2851.322564
-5,580,2851.941269
-5,552,2852.498362
-5,618,2853.120387
-5,638,2853.81927
-5,801,2854.642007
-5,560,2855.283489
-5,726,2856.109581
-5,743,2857.023641
-5,810,2858.061321
-5,610,2858.734621
-5,666,2859.417681
-5,586,2860.025427
-5,542,2860.595127
-5,429,2861.032543
-5,486,2861.513306
-4,645,2862.272631
-5,412,2862.690367
-5,616,2863.340426
-5,636,2864.056694
-5,653,2864.766866
-5,812,2865.647619
-5,529,2866.168337
-5,572,2866.788773
-5,630,2867.425405
-5,458,2867.912753
-5,489,2868.437016
-4,615,2869.121084
-5,566,2869.709277
-5,502,2870.258613
-5,521,2870.799173
-5,673,2871.481854
-5,665,2872.232112
-5,575,2872.871097
-5,553,2873.526911
-5,663,2874.246099
-5,597,2874.908036
-5,793,2876.019983
-5,462,2876.661972
-5,574,2877.349663
-5,719,2878.365855
-4,661,2879.371205
-5,777,2880.313803
-5,518,2880.882094
-5,553,2881.542053
-3,851,2882.511316
-5,699,2883.332717
-5,693,2884.109286
-5,841,2885.18888
-5,743,2886.058925
-5,704,2886.904094
-5,464,2887.45836
-5,472,2888.028653
-5,581,2888.820738
-5,573,2889.594295
-5,487,2890.183529
-5,512,2890.743413
-4,580,2891.47971
-5,491,2892.145873
-5,996,2893.414042
-5,626,2894.092403
-5,634,2894.796628
-5,559,2895.430682
-5,714,2896.177946
-4,993,2897.223672
-5,647,2897.907738
-5,445,2898.391706
-5,606,2899.110912
-4,837,2899.987788
-5,639,2900.661232
-4,708,2901.450391
-5,617,2902.108809
-4,487,2902.63335
-5,503,2903.20651
-5,555,2903.774863
-5,562,2904.367214
-5,436,2904.832025
-5,516,2905.400178
-4,682,2906.107502
-5,598,2906.742187
-4,936,2907.731056
-5,739,2908.533461
-5,441,2909.015538
-5,723,2909.817977
-5,811,2910.707096
-5,677,2911.423506
-5,569,2912.033775
-5,701,2912.739246
-5,568,2913.374441
-5,601,2914.026576
-5,683,2914.761322
-5,528,2915.320883
-5,724,2916.075373
-5,500,2916.599819
-5,664,2917.295585
-5,618,2917.944704
-5,575,2918.600885
-5,486,2919.090019
-5,513,2919.622446
-5,577,2920.212304
-5,445,2920.663779
-5,719,2921.399563
-4,698,2922.154359
-5,456,2922.674522
-5,589,2923.301185
-5,668,2923.995933
-5,823,2924.866219
-5,579,2925.500663
-5,716,2926.252626
-5,511,2926.784221
-4,531,2927.332545
-5,378,2927.715286
-5,644,2928.380087
-5,656,2929.035789
-5,622,2929.701407
-5,1001,2930.757959
-5,565,2931.343877
-5,782,2932.181893
-5,687,2932.933683
-4,834,2933.82221
-3,737,2934.611813
-5,385,2935.03341
-5,532,2935.618014
-4,780,2936.463535
-4,632,2937.146115
-4,769,2937.970831
-5,581,2938.566552
-5,595,2939.178204
-5,565,2939.742734
-4,695,2940.462699
-5,955,2941.449275
-5,634,2942.116684
-5,535,2942.676193
-4,591,2943.312445
-5,836,2944.18475
-5,648,2944.883059
-5,430,2945.322061
-5,591,2945.983192
-5,1017,2947.078489
-5,678,2947.797109
-5,516,2948.302252
-5,775,2949.10662
-5,549,2949.695126
-5,644,2950.385103
-5,458,2950.852088
-5,628,2951.478642
-5,626,2952.120946
-5,488,2952.640809
-5,542,2953.214362
-5,539,2953.811304
-5,682,2954.56334
-5,413,2955.035785
-5,633,2955.757047
-5,559,2956.350934
-5,720,2957.099762
-5,591,2957.705365
-5,737,2958.522991
-5,606,2959.164947
-5,657,2959.892652
-5,467,2960.384792
-4,812,2961.25086
-5,484,2961.772735
-5,478,2962.276997
-5,553,2962.854356
-5,860,2963.746324
-4,1006,2964.839892
-5,598,2965.513463
-5,726,2966.262743
-5,490,2966.761776
-5,648,2967.432744
-5,596,2968.042727
-5,440,2968.450512
-5,393,2968.808914
-5,766,2969.60262
-5,574,2970.157253
-5,583,2970.726538
-5,637,2971.384188
-5,611,2972.012817
-5,634,2972.663442
-5,942,2973.533989
-5,580,2974.102499
-5,595,2974.666016
-5,672,2975.334615
-5,562,2975.889339
-3,693,2976.568872
-5,669,2977.18593
-5,481,2977.633833
-5,445,2978.061831
-5,560,2978.625332
-5,428,2979.068505
-5,834,2979.918819
-5,421,2980.350791
-5,573,2980.906324
-4,728,2981.562873
-5,606,2982.149346
-5,508,2982.65908
-5,464,2983.127433
-5,488,2983.602939
-4,804,2984.416533
-5,664,2985.034334
-4,786,2985.810646
-4,774,2986.559637
-5,993,2987.530814
-5,521,2988.068508
-5,550,2988.629685
-5,589,2989.193377
-4,826,2989.977573
-5,838,2990.814912
-4,820,2991.575895
-5,633,2992.137136
-5,595,2992.69223
-4,827,2993.413956
-5,532,2993.885423
-5,703,2994.552364
-3,629,2995.136467
-5,520,2995.59358
-5,611,2996.145707
-5,546,2996.681377
-5,536,2997.179432
-5,616,2997.739145
-5,706,2998.386251
-5,496,2998.881879
-5,548,2999.414401
-4,855,3000.169642
-5,425,3000.552997
-5,643,3001.100261
-5,546,3001.608834
-5,370,3001.973351
-5,585,3002.534897
-5,723,3003.205671
-4,531,3003.759978
-5,511,3004.319775
-5,945,3005.347018
-5,514,3005.864237
-5,658,3006.495197
-5,543,3007.083015
-5,619,3007.736353
-5,523,3008.254032
-5,547,3008.783329
-5,591,3009.402629
-5,554,3010.025895
-5,494,3010.640544
-5,383,3011.09884
-4,813,3011.903697
-5,573,3012.496158
-5,676,3013.179006
-5,527,3013.684027
-5,612,3014.296402
-5,866,3015.24272
-5,664,3015.949483
-5,513,3016.484182
-5,529,3016.98032
-5,509,3017.486184
-5,390,3017.848889
-5,645,3018.473653
-5,601,3019.014636
-5,524,3019.479643
-5,646,3020.103604
-5,482,3020.567313
-5,553,3021.139958
-5,465,3021.642611
-5,537,3022.133488
-5,636,3022.719156
-5,492,3023.173447
-5,418,3023.597103
-5,665,3024.237199
-4,999,3025.129334
-5,778,3025.898922
-5,595,3026.473716
-5,584,3027.062723
-5,461,3027.519448
-5,653,3028.15794
-5,550,3028.70743
-5,569,3029.29733
-5,493,3029.846029
-5,640,3030.471719
-5,635,3031.096089
-5,487,3031.552886
-5,855,3032.334012
-5,558,3032.843813
-5,564,3033.354463
-5,829,3034.116381
-5,521,3034.606889
-5,493,3035.048585
-4,677,3035.633471
-5,460,3036.030727
-5,695,3036.702374
-5,521,3037.162854
-5,462,3037.589107
-5,700,3038.233574
-5,495,3038.691497
-4,759,3039.40135
-5,627,3039.947778
-5,456,3040.350444
-5,563,3040.893291
-4,732,3041.592087
-5,632,3042.231765
-5,584,3042.812673
-5,557,3043.404225
-5,567,3043.970068
-5,543,3044.503317
-5,675,3045.176772
-5,575,3045.748105
-5,575,3046.296818
-5,633,3046.913234
-5,651,3047.567993
-5,593,3048.170439
-5,606,3048.755814
-5,534,3057.908981
-5,459,3065.563351
-5,430,3072.726557
-5,569,3082.212368
-5,678,3093.510122
-5,641,3104.194176
-5,564,3113.593335
-5,502,3121.959638
-5,647,3132.743433
-5,428,3139.87705
-5,452,3140.344224
-4,778,3141.115117
-5,584,3141.665613
-5,506,3142.171406
-5,645,3142.815962
-5,722,3143.586218
-4,675,3144.261513
-5,632,3144.906731
-5,573,3145.495187
-5,688,3146.192348
-5,572,3146.767387
-5,599,3147.359441
-5,565,3147.949176
-5,528,3148.497105
-4,770,3149.2646
-5,620,3149.891404
-4,923,3150.811017
-5,568,3151.386542
-5,692,3152.072232
-4,719,3152.815778
-5,388,3153.201473
-5,540,3153.749392
-5,435,3154.202809
-5,552,3154.73015
-5,730,3155.472152
-4,783,3156.25822
-5,729,3157.001812
-4,665,3157.702812
-5,514,3158.228828
-5,721,3158.962819
-4,696,3159.675479
-4,644,3160.318175
-5,814,3161.130116
-5,699,3161.834124
-5,521,3162.355869
-5,458,3162.819063
-5,686,3163.531696
-4,649,3164.195411
-5,577,3164.799061
-5,572,3165.359187
-5,604,3165.929555
-5,753,3166.721787
-5,616,3167.324486
-5,515,3167.836875
-5,655,3168.498081
-5,652,3169.160544
-4,623,3169.795456
-5,1010,3170.882402
-5,476,3171.426219
-5,667,3172.160482
-5,575,3172.784769
-5,544,3173.366366
-4,614,3174.011673
-5,686,3174.708284
-4,1074,3175.778968
-5,603,3176.368344
-4,968,3177.327712
-5,484,3177.806701
-5,576,3178.36106
-5,380,3178.731007
-5,477,3179.194183
-5,861,3180.022826
-5,541,3180.547969
-4,757,3181.261219
-5,527,3181.766221
-5,429,3182.195493
-4,849,3183.01353
-4,618,3183.614073
-5,629,3184.217541
-4,668,3184.861643
-5,566,3185.423502
-5,434,3185.840812
-5,625,3186.430536
-5,1047,3187.419966
-5,576,3187.973818
-5,666,3188.627927
-5,620,3189.269018
-5,469,3189.737926
-5,633,3190.370503
-5,597,3190.970455
-5,471,3191.422928
-5,764,3192.160669
-5,825,3192.958447
-4,702,3193.651897
-5,554,3194.217038
-5,616,3194.812596
-5,698,3195.5076
-5,721,3196.194498
-5,499,3196.677112
-5,636,3197.31043
-4,795,3198.082841
-3,835,3198.910961
-5,758,3199.661714
-5,432,3200.090369
-5,512,3200.610331
-4,777,3201.368108
-5,621,3201.985967
-5,490,3202.456119
-4,602,3203.060039
-5,450,3203.497869
-5,555,3204.02953
-5,477,3204.473308
-5,432,3204.864569
-4,742,3205.584422
-5,603,3206.184882
-5,557,3206.734375
-5,695,3207.400856
-5,580,3207.950115
-5,615,3208.55506
-5,715,3209.281327
-4,612,3209.885123
-5,597,3210.475348
-5,547,3211.014636
-5,616,3211.607972
-4,839,3212.434363
-5,584,3213.022569
-5,644,3213.663336
-5,722,3214.411166
-3,765,3215.218189
-4,910,3216.314437
-3,822,3217.126435
-5,491,3217.63407
-4,662,3218.305132
-5,459,3218.810444
-5,504,3219.317984
-5,539,3219.831226
-5,640,3220.478907
-5,599,3221.05962
-5,481,3221.55216
-5,598,3222.150135
-5,695,3222.865443
-5,724,3223.613727
-4,571,3224.156263
-5,1017,3225.143612
-5,480,3225.601969
-5,599,3226.216028
-5,469,3226.690157
-4,954,3227.678226
-4,600,3228.268294
-5,519,3228.785093
-5,458,3229.234542
-4,686,3229.925919
-5,636,3230.590494
-5,492,3231.109855
-5,536,3231.693881
-5,539,3232.234039
-5,583,3232.836485
-5,508,3233.349735
-4,619,3233.966215
-5,649,3234.650322
-5,725,3235.387426
-4,631,3236.02093
-4,629,3236.636117
-5,519,3237.156397
-5,593,3237.738708
-5,723,3238.434299
-5,645,3239.104415
-5,465,3239.564691
-5,548,3240.124454
-5,700,3240.81189
-5,769,3241.578706
-5,687,3242.270828
-5,722,3242.998428
-5,469,3243.481805
-5,682,3244.179402
-5,459,3244.660539
-5,439,3245.123578
-5,753,3245.874265
-3,789,3246.65405
-5,798,3247.479027
-5,469,3247.961741
-5,624,3248.590234
-5,541,3249.13838
-5,506,3249.649792
-4,618,3250.259875
-4,653,3250.90468
-5,407,3251.292031
-5,828,3252.155355
-5,503,3252.716624
-5,544,3253.279348
-5,652,3253.903676
-5,588,3254.469018
-5,439,3254.913757
-5,638,3255.581273
-5,616,3256.216
-5,635,3256.84225
-5,688,3257.531269
-5,533,3258.062193
-5,409,3258.467157
-5,644,3259.132512
-5,587,3259.785116
-5,574,3260.366102
-5,833,3261.232663
-5,487,3261.729889
-5,467,3262.188363
-5,500,3262.6697
-5,564,3263.224391
-5,467,3263.670183
-5,491,3264.14841
-5,729,3264.881028
-4,606,3265.556934
-5,437,3266.01772
-5,742,3266.713387
-5,469,3267.163697
-5,606,3267.766246
-5,494,3268.23664
-5,692,3268.897735
-5,681,3269.612933
-5,472,3270.087167
-4,708,3270.800682
-5,414,3271.204711
-5,505,3271.690624
-5,657,3272.352127
-5,481,3272.847121
-4,675,3273.557825
-5,547,3274.091972
-3,993,3275.069357
-5,591,3275.649355
-5,459,3276.108216
-5,469,3276.601526
-5,601,3277.199151
-5,683,3277.90042
-5,434,3278.343007
-5,587,3278.941235
-5,446,3279.40175
-5,614,3280.027152
-5,611,3280.622811
-4,691,3281.288959
-5,410,3281.717403
-5,574,3282.302619
-5,692,3282.996794
-5,421,3283.413905
-3,807,3284.19583
-5,906,3285.137508
-5,549,3285.656135
-5,528,3286.195439
-5,657,3286.861294
-5,418,3287.279076
-5,690,3287.975359
-5,659,3288.62327
-5,435,3289.054809
-4,719,3289.791911
-5,513,3290.310743
-5,782,3291.096964
-5,445,3291.51703
-5,491,3291.990153
-5,451,3292.431004
-5,610,3293.012033
-5,922,3293.931304
-5,552,3294.490433
-5,568,3295.075442
-5,615,3295.700924
-5,643,3296.363692
-5,457,3296.786994
-5,511,3297.294981
-5,539,3297.83076
-5,492,3298.345914
-5,549,3298.905597
-5,551,3299.479021
-5,497,3299.979778
-5,480,3300.46283
-5,492,3300.952596
-5,562,3301.509059
-4,580,3302.091423
-5,731,3302.789557
-5,985,3303.744922
-5,392,3304.149032
-5,431,3304.575582
-5,1020,3305.588203
-5,713,3306.279308
-5,689,3306.950732
-5,450,3307.395533
-5,627,3308.039442
-5,695,3308.744178
-5,655,3309.429955
-5,467,3309.906892
-5,839,3310.75468
-5,536,3311.284901
-5,512,3311.767874
-5,704,3312.454608
-5,634,3313.073627
-5,545,3313.610469
-5,500,3314.073297
-5,843,3314.85272
-5,424,3315.250436
-5,837,3316.02444
-5,768,3316.808023
-5,955,3317.724677
-5,497,3318.202516
-5,611,3318.827089
-5,685,3319.515851
-5,590,3320.054864
-4,600,3320.656927
-5,653,3321.297688
-5,572,3321.875016
-5,617,3322.503094
-5,538,3323.018786
-5,609,3323.583646
-5,605,3324.197432
-5,545,3324.693921
-5,575,3325.211923
-5,839,3326.01282
-5,600,3326.625457
-4,583,3327.204768
-5,736,3327.906788
-5,588,3328.475859
-5,618,3329.081692
-5,392,3329.484159
-5,559,3330.023492
-5,535,3330.519122
-5,869,3331.243826
-5,633,3331.800867
-5,718,3332.508654
-5,669,3333.181844
-5,474,3333.612897
-5,574,3334.121335
-5,579,3334.671771
-5,647,3335.286527
-4,742,3335.99722
-5,772,3336.73084
-5,577,3337.266931
-5,763,3337.978106
-4,683,3338.588044
-5,741,3339.262195
-5,600,3339.802315
-4,823,3340.549093
-5,462,3341.005324
-5,537,3341.485576
-5,544,3342.021424
-5,619,3342.58509
-5,546,3343.096036
-4,578,3343.608573
-5,695,3344.231179
-5,703,3344.853281
-5,678,3345.486273
-5,719,3346.096147
-5,765,3346.779775
-5,621,3347.340036
-5,727,3347.972253
-4,652,3348.553186
-5,409,3348.931202
-4,656,3349.531118
-5,559,3350.081174
-5,545,3350.598473
-5,435,3351.026044
-5,708,3351.657175
-5,678,3352.27548
-5,518,3352.745274
-5,936,3353.587441
-5,707,3354.222643
-5,675,3354.828428
-4,762,3355.532765
-5,806,3356.2543
-5,838,3357.000696
-3,1130,3358.040738
-5,765,3358.761505
-5,443,3359.169966
-5,566,3359.67072
-5,654,3360.256555
-5,601,3360.803783
-5,695,3361.407318
-5,492,3361.836437
-5,851,3362.569093
-4,971,3363.410295
-4,724,3364.052431
-4,780,3364.76683
-5,466,3365.188594
-5,487,3365.66027
-4,597,3366.193972
-5,524,3366.665597
-5,661,3367.310354
-5,626,3367.852972
-5,469,3368.289278
-5,513,3368.778052
-5,589,3369.331058
-5,592,3369.825684
-5,535,3370.324392
-4,630,3370.891152
-5,584,3371.389038
-5,604,3371.938183
-4,685,3372.556698
-5,643,3373.119602
-5,512,3373.64304
-5,562,3374.179905
-5,595,3374.692045
-5,488,3375.113307
-5,548,3375.627069
-5,571,3376.140158
-5,495,3376.582136
-5,431,3376.951185
-5,563,3377.431095
-5,573,3377.98543
-5,504,3378.440745
-4,631,3379.036671
-5,508,3379.501401
-5,561,3379.992821
-5,571,3380.509374
-5,587,3381.022964
-5,1019,3381.906894
-4,755,3382.543669
-5,687,3383.144505
-5,576,3383.64874
-5,655,3384.225845
-5,609,3394.316296
-5,603,3404.366119
-5,875,3418.952226
-5,485,3427.0318
-5,702,3438.734964
-4,972,3454.933381
-5,438,3462.232986
-5,902,3477.267729
-5,684,3488.6664
-5,622,3499.034124
-5,787,3499.821881
-5,559,3500.411863
-4,612,3501.049916
-4,1045,3502.138797
-5,640,3502.78874
-5,427,3503.216625
-5,832,3504.066968
-5,531,3504.597
-5,558,3505.184745
-5,388,3505.591138
-5,747,3506.320132
-5,670,3506.975487
-5,542,3507.515451
-5,732,3508.22261
-5,516,3508.72131
-5,605,3509.301647
-5,537,3509.846587
-5,593,3510.457395
-5,535,3510.99907
-5,519,3511.499638
-5,611,3512.106121
-4,814,3512.900422
-5,541,3513.425202
-5,599,3514.04009
-5,494,3514.562252
-5,443,3514.988352
-5,623,3515.605688
-5,655,3516.260642
-5,437,3516.690903
-5,875,3517.581342
-5,492,3518.097871
-4,662,3518.797242
-5,945,3519.765729
-5,678,3520.459489
-5,702,3521.170758
-5,539,3521.754473
-5,441,3522.197298
-5,547,3522.731055
-5,498,3523.226631
-5,614,3523.828837
-5,570,3524.461021
-4,831,3525.257818
-4,554,3525.878919
-5,573,3526.515223
-5,630,3527.204639
-5,478,3527.697454
-5,503,3528.169938
-5,830,3529.041341
-5,570,3529.63003
-5,670,3530.35508
-5,525,3530.887295
-5,629,3531.590975
-5,614,3532.256366
-5,555,3532.826043
-5,599,3533.452124
-5,910,3534.401622
-5,488,3534.944111
-5,747,3535.738902
-5,873,3536.683378
-5,515,3537.245576
-5,551,3537.813771
-4,619,3538.528732
-5,682,3539.294506
-5,655,3540.173787
-5,592,3541.023603
-5,671,3541.92533
-5,467,3542.567604
-5,650,3543.475621
-5,589,3544.264439
-4,785,3545.292719
-5,721,3546.253346
-5,428,3546.743773
-5,524,3547.407114
-5,538,3548.028032
-5,556,3548.716301
-5,537,3549.429439
-4,886,3550.399753
-5,657,3551.086793
-5,721,3551.826333
-5,407,3552.282696
-5,655,3552.991324
-5,614,3553.596515
-5,799,3554.432448
-4,805,3555.273779
-5,491,3555.783637
-5,532,3556.358324
-5,582,3556.969092
-5,607,3557.594985
-5,619,3558.252746
-5,683,3558.959252
-5,516,3559.511994
-5,503,3560.014316
-5,524,3560.550185
-5,645,3561.266661
-5,429,3561.706148
-5,612,3562.322556
-5,607,3562.954965
-5,494,3563.47115
-5,616,3564.105079
-5,510,3564.633648
-5,566,3565.207732
-5,495,3565.728213
-5,602,3566.410382
-5,599,3567.050167
-5,703,3567.856302
-5,687,3568.673509
-5,757,3569.47048
-5,587,3570.117655
-5,708,3570.892999
-5,540,3571.458286
-5,535,3571.984502
-5,663,3572.683045
-5,465,3573.16435
-5,499,3573.704807
-5,523,3574.206657
-5,510,3574.707086
-5,503,3575.205567
-5,694,3575.908527
-5,488,3576.417925
-5,679,3577.130947
-5,541,3577.676024
-5,561,3578.257083
-5,511,3578.737198
-4,736,3579.509532
-4,574,3580.10134
-5,528,3580.643798
-5,520,3581.195481
-5,640,3581.848735
-5,626,3582.483632
-5,506,3582.992192
-4,513,3583.507424
-5,652,3584.184641
-5,428,3584.60365
-4,555,3585.151439
-4,618,3585.758158
-5,557,3586.323245
-5,589,3586.89686
-5,507,3587.397062
-5,681,3588.061706
-5,569,3588.624538
-5,770,3589.403684
-5,552,3589.94558
-5,755,3590.695996
-5,573,3591.252451
-5,494,3591.727148
-5,580,3592.33303
-4,686,3593.024219
-5,632,3593.710186
-5,442,3594.152529
-5,547,3594.686351
-5,575,3595.321859
-4,564,3595.983017
-5,473,3596.500481
-5,395,3596.925208
-5,707,3597.723483
-5,459,3598.18619
-5,632,3598.810343
-4,620,3599.51039
-5,628,3600.235638
-5,510,3600.785874
-5,666,3601.396359
-5,489,3601.843033
-4,744,3602.599633
-5,675,3603.276402
-5,646,3603.939647
-5,509,3604.444973
-5,438,3604.870559
-5,674,3605.581414
-5,885,3606.581695
-5,941,3607.618345
-5,611,3608.278658
-3,765,3609.072099
-5,616,3609.742236
-5,775,3610.557079
-5,426,3610.985341
-3,627,3611.61814
-5,799,3612.534633
-5,799,3613.476153
-5,967,3614.485696
-5,524,3615.107299
-5,664,3615.779611
-5,539,3616.37237
-4,789,3617.22761
-5,575,3617.865392
-5,413,3618.330101
-5,921,3619.368793
-5,653,3620.034263
-5,592,3620.662562
-5,528,3621.268605
-5,556,3621.834654
-5,462,3622.326369
-5,431,3622.801253
-5,823,3623.760317
-5,477,3624.309244
-5,571,3624.968443
-5,474,3625.502189
-5,704,3626.25773
-5,471,3626.769976
-5,499,3627.320183
-4,614,3628.04169
-5,921,3628.989282
-5,450,3629.46383
-5,572,3630.095655
-5,696,3630.85708
-4,554,3631.433518
-4,609,3632.065343
-5,643,3632.791805
-5,621,3633.459085
-5,561,3634.057356
-5,620,3634.777125
-5,699,3635.498585
-5,639,3636.201061
-5,437,3636.668185
-5,820,3637.586938
-5,817,3638.461906
-4,688,3639.169734
-4,566,3639.750991
-5,515,3640.305397
-5,496,3640.841778
-5,459,3641.325123
-5,725,3642.08739
-5,711,3642.871892
-5,535,3643.461
-5,828,3644.278299
-5,709,3645.033992
-5,603,3645.680296
-5,458,3646.144089
-5,538,3646.705787
-5,443,3647.157951
-4,483,3647.661933
-5,637,3648.306599
-5,694,3649.044232
-5,544,3649.63143
-5,523,3650.170422
-5,761,3651.032116
-5,585,3651.661398
-5,722,3652.442997
-5,605,3653.046546
-5,858,3653.980651
-5,500,3654.491475
-5,493,3655.028117
-5,476,3655.540218
-4,778,3656.37449
-5,746,3657.153967
-5,683,3657.909219
-5,508,3658.460433
-5,621,3659.127916
-5,663,3659.796208
-5,603,3660.426491
-3,753,3661.277097
-4,514,3661.828283
-4,663,3662.496648
-5,571,3663.131836
-5,654,3663.787688
-5,556,3664.345368
-5,469,3664.788728
-5,664,3665.444667
-4,685,3666.143842
-5,455,3666.579551
-5,576,3667.176507
-4,699,3667.869245
-5,499,3668.37918
-5,526,3668.895274
-5,508,3669.427187
-5,448,3669.844986
-5,670,3670.543057
-5,761,3671.320044
-5,459,3671.760837
-5,585,3672.345775
-5,547,3672.860093
-5,716,3673.540311
-5,616,3674.126926
-4,816,3674.963124
-5,589,3675.584325
-5,490,3676.102557
-5,867,3676.986044
-5,745,3677.679617
-4,777,3678.391896
-5,757,3679.097198
-5,493,3679.579263
-5,676,3680.219801
-5,773,3680.976428
-4,579,3681.581862
-5,611,3682.19349
-2,782,3682.966717
-5,454,3683.46448
-4,582,3684.053962
-5,571,3684.641546
-5,574,3685.22715
-5,563,3685.828416
-5,787,3686.599903
-5,442,3687.084377
-5,614,3687.699448
-5,584,3688.282959
-5,598,3688.853065
-5,668,3689.501709
-5,683,3690.165423
-5,629,3690.775717
-5,562,3691.309371
-5,526,3691.805455
-5,525,3692.333581
-5,624,3692.951554
-5,686,3693.631116
-5,686,3694.253358
-5,647,3694.859708
-5,420,3695.244825
-5,768,3695.982863
-4,738,3696.648956
-5,669,3697.25374
-5,483,3697.742631
-5,493,3698.213866
-5,442,3698.627265
-5,419,3698.998728
-4,575,3699.5204
-5,426,3699.897661
-5,604,3700.431713
-5,515,3700.875849
-5,655,3701.45928
-4,839,3702.263632
-5,765,3702.977853
-5,537,3703.490384
-5,644,3704.113804
-5,627,3704.747824
-5,516,3705.246396
-5,733,3705.934557
-5,735,3706.612288
-5,799,3707.359512
-5,578,3707.868398
-5,574,3708.400555
-5,662,3709.023383
-5,591,3709.597117
-5,752,3710.286326
-5,500,3710.730295
-5,485,3711.211238
-5,758,3711.941374
-5,481,3712.36796
-5,709,3713.05539
-5,549,3713.633579
-5,671,3714.29977
-5,661,3714.906374
-5,600,3715.470024
-5,741,3716.165847
-5,589,3716.704391
-5,484,3717.119891
-5,537,3717.630657
-5,481,3718.088889
-5,418,3718.450439
-5,646,3719.045026
-5,550,3719.598612
-5,496,3720.062071
-5,788,3720.851242
-4,683,3721.522471
-5,553,3722.0452
-5,597,3722.622587
-5,571,3723.157396
-5,702,3723.820927
-5,762,3724.530639
-5,628,3725.141571
-5,488,3725.562894
-5,711,3726.19029
-5,669,3726.811609
-5,448,3727.214333
-5,574,3727.744359
-5,861,3728.518843
-4,673,3729.131773
-5,740,3729.80391
-5,695,3730.476225
-5,744,3731.161252
-5,826,3731.925889
-5,679,3732.547778
-5,461,3732.960828
-5,454,3733.357122
-5,839,3734.13062
-5,498,3734.586371
-5,506,3735.034973
-5,485,3735.498441
-5,598,3736.036778
-4,644,3736.632363
-5,613,3737.210672
-5,484,3737.664978
-5,647,3738.300735
-5,513,3738.759345
-5,518,3739.212411
-4,674,3739.814167
-5,564,3740.318808
-5,608,3740.864618
-5,503,3741.331836
-4,728,3741.993185
-5,563,3742.554589
-5,462,3743.01424
-5,833,3743.871201
-5,709,3744.568521
-5,541,3745.125586
-5,498,3745.602014
-5,473,3746.054461
-5,511,3746.539392
-5,611,3747.101364
-5,475,3747.607959
-5,605,3748.229187
-5,383,3748.627541
-5,682,3749.320273
-5,475,3749.780787
-5,641,3750.410738
-5,458,3750.866058
-5,497,3751.384028
-5,791,3752.199481
-5,448,3752.637287
-5,509,3753.157993
-4,632,3753.784018
-5,437,3754.197189
-5,772,3767.659877
-5,649,3778.472718
-5,617,3788.755204
-5,854,3802.990076
-5,496,3811.256322
-5,653,3822.140298
-4,622,3832.507584
-5,766,3845.273749
-5,488,3853.406941
-4,722,3865.440267
-5,563,3866.067988
-4,603,3866.683529
-5,494,3867.204911
-5,941,3868.177828
-5,531,3868.71136
-5,499,3869.244315
-4,835,3870.099003
-5,727,3870.834014
-5,864,3871.693419
-5,635,3872.349568
-5,871,3873.225615
-4,783,3874.01374
-5,828,3874.863353
-5,596,3875.465657
-5,702,3876.173012
-5,884,3877.05276
-5,405,3877.475704
-4,574,3878.059898
-5,766,3878.837979
-5,497,3879.331928
-5,547,3879.883309
-5,518,3880.389727
-5,525,3880.939203
-5,822,3881.801954
-5,523,3882.316672
-5,584,3882.904464
-4,677,3883.558458
-5,445,3883.997678
-5,538,3884.566968
-5,526,3885.08283
-5,744,3885.944296
-5,685,3886.604131
-5,644,3887.249126
-5,639,3887.892501
-5,503,3888.39543
-5,719,3889.107491
-5,629,3889.782643
-5,506,3890.304769
-5,970,3891.316012
-5,481,3891.829504
-5,436,3892.294099
-4,712,3893.047706
-5,500,3893.588987
-5,761,3894.351523
-5,474,3894.832885
-5,408,3895.243845
-5,728,3896.001466
-5,559,3896.611793
-5,500,3897.129635
-5,507,3897.65084
-4,827,3898.546351
-5,447,3898.991963
-4,688,3899.71721
-5,572,3900.269185
-5,462,3900.714182
-5,422,3901.117859
-5,496,3901.630296
-5,585,3902.232821
-5,524,3902.819887
-5,419,3903.252201
-5,657,3903.918997
-5,552,3904.476888
-5,537,3905.021785
-5,578,3905.62391
-4,908,3906.589002
-5,842,3907.477517
-5,443,3907.908395
-5,746,3908.651878
-5,485,3909.136237
-5,750,3909.889548
-5,523,3910.413887
-5,508,3910.938283
-5,711,3911.736373
-5,664,3912.416416
-5,480,3912.914845
-5,742,3913.646489
-5,633,3914.298321
-5,455,3914.73111
-5,611,3915.385938
-5,522,3915.906997
-5,757,3916.665615
-5,581,3917.226615
-5,678,3917.976274
-5,550,3918.521918
-5,665,3919.185156
-5,780,3920.049442
-5,867,3920.975804
-4,770,3921.725261
-5,614,3922.350766
-4,842,3923.274929
-5,611,3923.894801
-5,443,3924.346619
-5,619,3924.958759
-5,422,3925.402748
-5,569,3925.987541
-5,684,3926.689192
-5,403,3927.10003
-5,501,3927.618257
-5,577,3928.233506
-5,501,3928.768438
-4,586,3929.353275
-5,594,3929.95865
-4,687,3930.664527
-5,568,3931.244657
-5,674,3931.931777
-5,616,3932.530393
-4,828,3933.357752
-5,737,3934.092672
-5,561,3934.63913
-5,645,3935.286356
-5,465,3935.759992
-4,950,3936.760905
-5,514,3937.292542
-5,634,3937.93631
-5,742,3938.695337
-5,529,3939.249137
-5,797,3940.063244
-5,462,3940.512445
-3,1170,3941.782501
-5,560,3942.36401
-5,810,3943.204458
-5,472,3943.679774
-5,403,3944.076918
-5,704,3944.765437
-4,476,3945.258017
-5,702,3946.012777
-4,788,3946.78399
-5,519,3947.316347
-5,536,3947.856563
-4,555,3948.444077
-5,458,3948.895952
-5,762,3949.666911
-5,535,3950.179962
-5,574,3950.761887
-5,591,3951.311008
-4,932,3952.269117
-5,472,3952.728222
-5,473,3953.213022
-5,726,3954.031175
-5,667,3954.701861
-5,682,3955.377897
-5,745,3956.132094
-4,848,3956.985493
-5,507,3957.485131
-5,752,3958.324424
-5,878,3959.215706
-5,539,3959.761678
-5,788,3960.517744
-5,649,3961.198924
-5,869,3962.086959
-4,695,3962.792724
-5,531,3963.3032
-5,651,3964.011104
-5,586,3964.637086
-4,651,3965.310336
-5,501,3965.840807
-5,700,3966.57888
-5,905,3967.513291
-5,650,3968.186562
-5,575,3968.799157
-5,824,3969.656905
-5,706,3970.347794
-5,786,3971.18648
-5,623,3971.850904
-5,442,3972.290822
-5,495,3972.796465
-5,569,3973.381079
-5,382,3973.7869
-5,482,3974.293789
-5,791,3975.074946
-5,800,3975.856893
-5,926,3976.797326
-5,793,3977.642948
-5,411,3978.055169
-5,767,3978.811388
-5,531,3979.404893
-5,423,3979.860907
-5,611,3980.529492
-5,522,3981.095352
-5,581,3981.74117
-5,747,3982.49423
-5,458,3982.978878
-5,941,3983.9697
-5,510,3984.48087
-5,563,3985.031855
-5,522,3985.541208
-5,697,3986.221981
-5,519,3986.735975
-5,674,3987.410959
-4,585,3988.048568
-5,678,3988.721939
-3,938,3989.682291
-5,885,3990.555734
-5,413,3990.985343
-5,430,3991.44944
-5,644,3992.130402
-5,863,3993.086056
-5,933,3994.121037
-5,506,3994.670151
-5,544,3995.261785
-5,480,3995.762457
-4,558,3996.378289
-5,559,3996.962931
-4,700,3997.676916
-5,519,3998.195679
-5,470,3998.680962
-5,570,3999.261078
-5,760,4000.01229
-5,724,4000.722167
-4,640,4001.40663
-5,439,4001.866386
-5,568,4002.431561
-5,452,4002.885331
-5,526,4003.384585
-5,560,4003.921243
-5,734,4004.629366
-4,566,4005.161756
-5,446,4005.598648
-5,522,4006.104614
-5,507,4006.62174
-5,731,4007.36518
-5,568,4007.93643
-5,431,4008.381028
-3,879,4009.258101
-5,703,4009.972847
-5,453,4010.422286
-4,662,4011.086821
-4,691,4011.791705
-3,820,4012.641999
-5,581,4013.281367
-5,867,4014.241201
-4,996,4015.249846
-5,460,4015.704188
-5,420,4016.129148
-5,606,4016.703177
-5,448,4017.182297
-5,493,4017.663586
-5,535,4018.199181
-5,535,4018.701038
-5,519,4019.185347
-5,502,4019.64084
-5,476,4020.085663
-5,638,4020.700943
-5,1313,4021.961743
-5,574,4022.504919
-5,489,4022.936764
-5,558,4023.482446
-5,687,4024.096744
-5,628,4024.682167
-4,851,4025.52337
-5,488,4025.956768
-5,516,4026.468001
-5,415,4026.861969
-4,698,4027.535271
-5,697,4028.224976
-5,605,4028.827732
-4,927,4029.724516
-5,562,4030.306831
-5,740,4031.072921
-5,807,4031.824333
-5,553,4032.35069
-5,654,4032.980497
-5,723,4033.643856
-5,601,4034.205055
-4,794,4034.997292
-5,537,4035.509435
-5,615,4036.110863
-5,614,4036.713207
-5,571,4037.307456
-5,645,4037.922294
-5,455,4038.373019
-5,776,4039.087089
-5,547,4039.580994
-5,675,4040.193825
-5,486,4040.626634
-5,417,4040.990442
-5,611,4041.53742
-5,645,4042.101708
-5,510,4042.547099
-5,555,4043.02
-5,672,4043.670214
-5,895,4044.507259
-5,586,4045.031107
-5,601,4045.591607
-5,818,4046.357533
-5,558,4046.892679
-5,474,4047.316104
-4,708,4047.979187
-5,543,4048.457208
-4,714,4049.095103
-5,428,4049.484576
-4,732,4050.138063
-5,836,4050.897316
-5,538,4051.401871
-5,694,4052.039763
-5,487,4052.495303
-4,825,4053.216508
-5,496,4053.647658
-5,422,4054.022319
-4,665,4054.590517
-5,487,4055.038438
-5,662,4055.642448
-5,592,4056.217362
-5,543,4056.743436
-5,847,4057.518108
-5,637,4058.105927
-5,619,4058.686466
-5,625,4059.263341
-5,646,4059.848898
-5,611,4060.4282
-5,439,4060.812459
-5,614,4061.374283
-5,545,4061.88334
-5,734,4062.534056
-5,624,4063.077553
-5,491,4063.549774
-5,533,4064.039368
-5,877,4064.866736
-5,517,4065.330047
-5,637,4065.900665
-5,615,4066.487004
-5,402,4066.857708
-5,435,4067.242915
-5,451,4067.65964
-5,559,4068.175386
-5,520,4068.654397
-5,628,4069.210441
-5,546,4069.696756
-5,422,4070.094897
-5,623,4070.658862
-5,750,4071.406908
-5,740,4072.072984
-5,673,4072.674705
-5,563,4073.219497
-3,909,4074.047625
-5,593,4074.565215
-5,570,4075.055074
-5,593,4075.586819
-5,408,4075.939921
-5,671,4076.565938
-5,621,4077.106096
-5,655,4077.710628
-5,495,4078.148326
-4,810,4078.958945
-5,612,4079.494171
-5,662,4080.114416
-5,737,4080.793555
-5,858,4081.599434
-5,449,4081.992095
-5,566,4082.496047
-5,523,4082.953925
-4,994,4083.84829
-5,582,4084.359209
-5,630,4084.933704
-5,629,4085.519774
-4,1036,4086.491723
-5,606,4087.014596
-5,542,4087.519519
-5,542,4088.053851
-5,669,4088.727313
-5,712,4089.437667
-5,684,4090.163287
-5,825,4090.985192
-5,498,4091.461698
-5,543,4092.027552
-5,519,4092.549759
-5,494,4093.044023
-5,640,4093.68008
-5,524,4094.200329
-5,754,4094.913089
-5,611,4095.533586
-5,646,4096.154256
-5,503,4096.677847
-5,813,4097.503099
-5,614,4098.139098
-5,735,4098.837595
-5,463,4099.271791
-5,564,4099.870441
-5,547,4100.406568
-5,468,4100.920973
-5,505,4101.43713
-5,561,4102.001041
-5,717,4102.710093
-5,500,4103.231595
-5,702,4103.939115
-5,533,4104.468161
-4,588,4105.106634
-5,706,4105.811952
-5,624,4106.482932
-5,643,4107.161564
-5,451,4107.622571
-5,496,4108.165549
-5,598,4108.80011
-5,452,4109.260953
-5,517,4109.81333
-5,458,4110.26876
-5,714,4110.938974
-5,444,4111.36196
-5,480,4111.851493
-5,459,4112.353963
-5,491,4112.855278
-5,831,4113.701097
-5,597,4123.910553
-5,436,4131.178383
-5,570,4140.682644
-5,469,4148.495254
-4,767,4161.279419
-5,509,4169.765815
-5,498,4178.06195
-5,495,4186.312399
-5,447,4193.762589
-5,657,4204.713226
-5,634,4205.471516
-5,645,4206.093494
-5,553,4206.652369
-5,447,4207.11799
-4,745,4207.918316
-5,580,4208.483942
-5,580,4209.105529
-5,910,4210.09535
-5,532,4210.646003
-4,624,4211.260939
-5,429,4211.708122
-5,418,4212.174446
-5,567,4212.829417
-5,595,4213.486833
-5,563,4214.097893
-5,712,4214.882158
-5,712,4215.616835
-5,536,4216.228537
-5,816,4217.087692
-5,544,4217.647457
-5,664,4218.321724
-5,569,4218.931802
-5,575,4219.540704
-5,840,4220.471747
-5,452,4220.91728
-5,670,4221.604456
-4,734,4222.431329
-5,716,4223.267519
-3,619,4223.93313
-4,554,4224.509002
-5,413,4224.906183
-5,637,4225.527534
-5,455,4225.983524
-5,688,4226.689146
-5,468,4227.183782
-5,571,4227.775341
-5,734,4228.578026
-5,479,4229.088942
-5,568,4229.697526
-5,716,4230.493838
-5,572,4231.065055
-5,481,4231.585326
-4,672,4232.283973
-5,631,4232.919622
-5,607,4233.555937
-5,805,4234.395031
-5,511,4234.917219
-4,642,4235.544518
-5,572,4236.179812
-5,672,4236.956311
-5,488,4237.472897
-5,608,4238.112622
-5,515,4238.631789
-5,796,4239.577217
-5,637,4240.242042
-5,565,4240.794008
-4,611,4241.423635
-5,461,4241.88031
-4,644,4242.545599
-5,548,4243.108003
-5,439,4243.528616
-5,429,4243.980425
-5,647,4244.619076
-4,537,4245.173352
-5,521,4245.730033
-5,680,4246.431844
-5,409,4246.846692
-5,618,4247.456373
-5,505,4247.964456
-5,789,4248.766591
-5,632,4249.386688
-5,666,4250.060055
-5,771,4250.820078
-5,868,4251.698426
-5,656,4252.349569
-5,517,4252.915041
-5,450,4253.414228
-5,728,4254.131541
-5,673,4254.810564
-4,825,4255.636301
-5,802,4256.437318
-5,676,4257.1405
-5,584,4257.749299
-4,671,4258.402704
-4,808,4259.229512
-5,506,4259.759505
-5,525,4260.278743
-5,553,4260.833835
-4,595,4261.485964
-5,756,4262.26955
-4,785,4263.057518
-5,679,4263.72223
-5,501,4264.228943
-5,602,4264.83027
-5,574,4265.410349
-5,633,4266.044548
-5,545,4266.617961
-5,695,4267.328697
-5,403,4267.727751
-5,582,4268.305633
-5,578,4268.878103
-4,675,4269.571858
-5,495,4270.069969
-5,415,4270.477723
-5,523,4270.999182
-5,554,4271.548977
-4,930,4272.496399
-5,817,4273.335203
-5,548,4273.886655
-5,772,4274.628489
-5,482,4275.121925
-5,608,4275.736119
-5,614,4276.344398
-5,457,4276.81139
-5,560,4277.386601
-5,515,4277.954351
-5,550,4278.537582
-5,513,4279.047998
-5,485,4279.530046
-5,501,4280.066164
-5,450,4280.487398
-5,728,4281.227104
-5,398,4281.611909
-4,842,4282.462375
-5,436,4282.920616
-5,505,4283.489869
-5,632,4284.131359
-5,456,4284.583496
-5,756,4285.345201
-4,651,4285.988451
-5,448,4286.442198
-5,389,4286.846521
-4,792,4287.625332
-4,1013,4288.648191
-5,696,4289.336728
-5,604,4289.932924
-5,600,4290.542035
-5,686,4291.231423
-4,800,4292.038106
-5,628,4292.667585
-5,537,4293.213008
-5,581,4293.799876
-5,622,4294.417134
-5,644,4295.074703
-5,527,4295.603806
-5,557,4296.138243
-5,925,4297.07567
-5,571,4297.643595
-5,512,4298.171775
-5,459,4298.649264
-4,618,4299.255515
-5,919,4300.185697
-5,634,4300.845003
-5,643,4301.566775
-5,622,4302.195164
-5,569,4302.771772
-5,679,4303.486181
-5,499,4304.005011
-5,601,4304.639737
-5,498,4305.1475
-5,531,4305.720679
-5,535,4306.257348
-5,541,4306.833503
-5,447,4307.295069
-5,405,4307.70407
-5,581,4308.298271
-5,458,4308.749006
-5,480,4309.206956
-5,680,4309.875043
-5,501,4310.347154
-5,554,4310.904056
-5,537,4311.445551
-4,596,4312.050097
-5,627,4312.658969
-5,533,4313.190534
-5,460,4313.692596
-4,599,4314.273061
-5,744,4315.009449
-5,692,4315.703967
-5,649,4316.33686
-5,685,4317.046146
-5,595,4317.66503
-5,675,4318.372659
-5,476,4318.878723
-5,578,4319.446287
-5,527,4319.973323
-5,508,4320.529646
-5,456,4320.968738
-5,716,4321.683243
-4,626,4322.294834
-5,607,4322.93422
-5,627,4323.561906
-5,531,4324.081163
-3,914,4325.003569
-5,662,4325.759256
-5,450,4326.229143
-4,710,4327.044089
-5,515,4327.648771
-4,635,4328.319286
-5,457,4328.869352
-5,663,4329.602685
-5,608,4330.263958
-5,581,4330.853758
-5,700,4331.554474
-4,1134,4332.678696
-5,617,4333.27578
-5,531,4333.880185
-5,672,4334.563802
-4,859,4335.48841
-4,781,4336.351736
-5,888,4337.283274
-5,541,4337.908786
-5,530,4338.45449
-5,596,4339.053252
-5,685,4339.724314
-4,940,4340.706958
-5,744,4341.473285
-5,494,4342.001899
-5,703,4342.696298
-5,407,4343.103322
-5,644,4343.757352
-5,532,4344.288582
-5,616,4344.909328
-5,714,4345.594322
-5,697,4346.302685
-3,801,4347.16675
-5,528,4347.699673
-5,550,4348.23458
-5,573,4348.817593
-5,578,4349.416478
-5,536,4349.960045
-4,551,4350.513917
-5,597,4351.105776
-4,721,4351.806694
-5,962,4352.781358
-5,512,4353.315802
-5,980,4354.300411
-4,937,4355.229748
-3,828,4356.051006
-5,544,4356.589719
-5,1023,4357.604519
-5,472,4358.069132
-5,546,4358.61263
-4,838,4359.469392
-5,684,4360.219615
-5,537,4360.83786
-5,729,4361.584697
-5,618,4362.225214
-5,548,4362.76114
-5,492,4363.261639
-5,445,4363.732277
-5,678,4364.458162
-5,843,4365.360087
-5,1028,4366.382102
-5,549,4366.954607
-4,704,4367.644076
-5,530,4368.171696
-5,607,4368.763711
-5,760,4369.52182
-5,648,4370.128966
-5,533,4370.602273
-4,793,4371.323313
-5,457,4371.727311
-5,540,4372.206224
-5,553,4372.721363
-5,582,4373.248995
-5,472,4373.672487
-5,530,4374.178569
-5,488,4374.634209
-5,477,4375.090745
-5,630,4375.675722
-5,550,4376.203804
-4,964,4377.116434
-5,669,4377.750243
-5,747,4378.461261
-4,571,4379.007846
-5,766,4379.740878
-5,599,4380.295648
-5,701,4380.994884
-5,483,4381.470192
-5,900,4382.292965
-5,705,4382.983272
-5,629,4383.614967
-5,568,4384.169673
-5,634,4384.769829
-5,639,4385.385497
-5,600,4385.947427
-5,522,4386.471756
-5,647,4387.122178
-5,749,4387.834528
-5,467,4388.263799
-5,590,4388.841163
-5,825,4389.600219
-4,817,4390.384687
-5,695,4391.074185
-4,671,4391.687301
-5,737,4392.36204
-4,599,4392.899899
-5,545,4393.417574
-5,612,4393.978191
-5,678,4394.613347
-5,543,4395.129113
-5,776,4395.845073
-5,552,4396.329254
-5,417,4396.684926
-5,725,4397.345296
-5,779,4398.057546
-5,585,4398.587782
-4,723,4399.276552
-5,604,4399.834739
-5,726,4400.479848
-5,512,4400.933503
-4,584,4401.444499
-5,637,4402.01803
-5,535,4402.518057
-5,515,4403.001808
-5,651,4403.591194
-5,590,4404.124726
-5,546,4404.633822
-5,598,4405.142292
-5,545,4405.662185
-5,457,4406.065904
-5,569,4406.604754
-5,492,4407.034505
-5,866,4407.825835
-5,408,4408.20858
-5,486,4408.669227
-5,498,4409.136339
-5,636,4409.721417
-4,620,4410.299399
-4,556,4410.804011
-5,585,4411.357703
-5,648,4411.955302
-4,821,4412.703807
-5,539,4413.176904
-5,513,4413.672317
-5,607,4414.240162
-5,513,4414.754427
-5,654,4415.344792
-5,640,4415.915706
-5,596,4416.469528
-5,626,4417.04427
-5,426,4417.426899
-5,718,4418.088935
-4,891,4418.937837
-4,832,4419.688419
-5,572,4420.217192
-5,442,4420.626865
-5,392,4421.013465
-4,875,4421.805349
-5,580,4422.327866
-2,950,4423.213738
-5,457,4423.636061
-5,582,4424.181005
-4,547,4424.691906
-5,572,4425.205594
-5,555,4425.731969
-5,510,4426.19091
-4,627,4426.74957
-5,735,4427.38474
-5,431,4427.820604
-5,581,4428.393117
-4,659,4429.079599
-5,533,4429.616507
-5,489,4430.118466
-4,798,4430.937769
-5,652,4431.587375
-5,685,4432.317971
-5,700,4433.023052
-5,555,4433.615355
-5,872,4434.463242
-5,428,4434.890832
-5,509,4435.398226
-5,757,4436.168765
-5,535,4436.69742
-5,580,4437.249516
-5,487,4437.701603
-4,529,4438.216486
-5,687,4438.926533
-5,539,4439.452858
-5,625,4440.05595
-5,601,4440.667197
-5,453,4441.124985
-5,434,4441.526066
-5,519,4442.087393
-5,508,4442.596879
-5,524,4443.098164
-5,570,4443.655211
-5,505,4444.163555
-5,809,4444.952978
-5,854,4445.760401
-5,704,4446.457217
-5,693,4447.169094
-5,745,4447.919095
-5,494,4448.418537
-5,508,4448.904769
-5,714,4449.649234
-5,785,4450.495444
-5,472,4450.993941
-5,583,4451.624616
-5,647,4452.264408
-5,811,4453.08493
-5,491,4453.589174
-5,543,4454.160561
-5,422,4461.971722
-5,522,4470.667615
-5,614,4480.900407
-5,456,4488.499961
-5,517,4497.119172
-5,380,4503.450842
-5,647,4514.234468
-5,450,4521.735337
-5,499,4530.051848
-5,500,4538.389189
-5,513,4539.002898
-5,717,4539.745687
-5,480,4540.259708
-5,646,4540.930429
-4,845,4541.899427
-5,453,4542.459042
-5,658,4543.248838
-5,630,4543.9836
-5,681,4544.756707
-5,655,4545.455918
-5,749,4546.22585
-4,873,4547.125403
-4,999,4548.133586
-5,631,4548.806021
-5,594,4549.402142
-5,647,4550.161083
-5,553,4550.853708
-5,407,4551.292267
-5,550,4551.84679
-5,645,4552.589625
-5,613,4553.299973
-5,674,4554.060092
-5,588,4554.821649
-4,664,4555.645525
-5,806,4556.569366
-5,449,4557.110093
-5,559,4557.663927
-5,601,4558.30643
-5,544,4558.87993
-5,565,4559.448318
-5,562,4559.990656
-5,639,4560.664408
-5,451,4561.163134
-5,484,4561.66501
-5,568,4562.258501
-5,605,4562.916191
-5,458,4563.441259
-4,589,4564.083535
-5,423,4564.539741
-4,797,4565.545262
-5,614,4566.216782
-5,589,4566.8833
-5,755,4567.671904
-5,916,4568.604298
-5,420,4569.018973
-5,538,4569.576704
-5,589,4570.172233
-5,681,4570.898512
-4,690,4571.665929
-5,773,4572.515292
-5,539,4573.08368
-5,460,4573.567036
-5,430,4574.048901
-5,556,4574.62184
-5,670,4575.339794
-5,418,4575.768284
-4,731,4576.501288
-5,569,4577.061368
-5,621,4577.744007
-5,671,4578.475418
-5,469,4578.955133
-4,652,4579.620132
-5,490,4580.118219
-5,723,4580.831365
-5,674,4581.485294
-5,642,4582.131458
-5,516,4582.653826
-5,453,4583.104928
-5,644,4583.805866
-5,515,4584.335943
-5,479,4584.836141
-5,693,4585.581688
-5,718,4586.366482
-5,554,4586.950734
-5,503,4587.460657
-4,630,4588.096414
-5,733,4588.839784
-5,512,4589.369476
-4,1143,4590.568161
-5,581,4591.218449
-5,687,4591.930179
-4,692,4592.631414
-5,521,4593.164374
-5,428,4593.611041
-5,546,4594.168699
-5,588,4594.757525
-5,479,4595.234149
-5,548,4595.804644
-5,557,4596.368701
-4,691,4597.063188
-5,586,4597.656841
-5,610,4598.285934
-5,604,4598.906058
-5,570,4599.512192
-4,965,4600.51053
-5,547,4601.056577
-5,474,4601.519884
-4,887,4602.445725
-5,886,4603.362192
